<?xml version="1.0" encoding="utf-8"?>
<!DOCTYPE metasee SYSTEM "http://www.metasee.org/xmldtd/metasee1.1.dtd">
<metasee>
	<datasets>
		<dataset>GENEEXPRESSION_SMPL_TA_35115</dataset>
	</datasets>
	<node name="root">
	<count><val>1862</val></count>
		<node name="Bacteria">
		<count><val>1782</val></count>
			<node name="Proteobacteria">
			<count><val>427</val></count>
				<node name="Alphaproteobacteria">
				<count><val>200</val></count>
					<node name="Rhodospirillales">
					<count><val>21</val></count>
						<node name="Rhodospirillaceae">
						<count><val>21</val></count>
							<node name="Magnetospirillum">
							<count><val>2</val></count>
								<node name="Unclassified">
								<count><val>2</val></count>
								</node>
							</node>
							<node name="Dechlorospirillum">
							<count><val>2</val></count>
								<node name="Unclassified">
								<count><val>2</val></count>
								</node>
							</node>
							<node name="Azospirillum">
							<count><val>12</val></count>
								<node name="Unclassified">
								<count><val>12</val></count>
								</node>
							</node>
							<node name="Unclassified">
							<count><val>5</val></count>
							</node>
						</node>
					</node>
					<node name="Rhizobiales">
					<count><val>82</val></count>
						<node name="Rhizobiaceae">
						<count><val>27</val></count>
							<node name="group">
							<count><val>12</val></count>
								<node name="Rhizobium">
								<count><val>12</val></count>
									<node name="Unclassified">
									<count><val>12</val></count>
									</node>
								</node>
							</node>
							<node name="Liberibacter">
							<count><val>14</val></count>
							</node>
							<node name="Rhizobium">
							<count><val>1</val></count>
								<node name="Unclassified">
								<count><val>1</val></count>
								</node>
							</node>
						</node>
						<node name="Brucellaceae">
						<count><val>8</val></count>
							<node name="Unclassified">
							<count><val>8</val></count>
							</node>
						</node>
						<node name="Phyllobacteriaceae">
						<count><val>37</val></count>
							<node name="Hoeflea">
							<count><val>10</val></count>
							</node>
							<node name="Nitratireductor">
							<count><val>2</val></count>
								<node name="Unclassified">
								<count><val>2</val></count>
								</node>
							</node>
							<node name="Mesorhizobium">
							<count><val>25</val></count>
								<node name="Unclassified">
								<count><val>25</val></count>
								</node>
							</node>
						</node>
						<node name="Methylobacteriaceae">
						<count><val>4</val></count>
							<node name="Methylobacterium">
							<count><val>2</val></count>
								<node name="Unclassified">
								<count><val>2</val></count>
								</node>
							</node>
							<node name="Roseomonas">
							<count><val>2</val></count>
							</node>
						</node>
						<node name="Xanthobacteraceae">
						<count><val>4</val></count>
							<node name="Azorhizobium">
							<count><val>4</val></count>
							</node>
						</node>
						<node name="Hyphomicrobiaceae">
						<count><val>2</val></count>
							<node name="Devosia">
							<count><val>2</val></count>
								<node name="Unclassified">
								<count><val>2</val></count>
								</node>
							</node>
						</node>
					</node>
					<node name="Rhodobacterales">
					<count><val>52</val></count>
						<node name="Rhodobacteraceae">
						<count><val>47</val></count>
							<node name="Paracoccus">
							<count><val>1</val></count>
								<node name="Unclassified">
								<count><val>1</val></count>
								</node>
							</node>
							<node name="Labrenzia">
							<count><val>15</val></count>
							</node>
							<node name="Unclassified">
							<count><val>14</val></count>
							</node>
							<node name="Roseisalinus">
							<count><val>6</val></count>
							</node>
							<node name="Pseudovibrio">
							<count><val>3</val></count>
								<node name="Unclassified">
								<count><val>3</val></count>
								</node>
							</node>
							<node name="Roseovarius">
							<count><val>1</val></count>
								<node name="Unclassified">
								<count><val>1</val></count>
								</node>
							</node>
							<node name="Rhodobacter">
							<count><val>6</val></count>
								<node name="Unclassified">
								<count><val>6</val></count>
								</node>
							</node>
							<node name="Roseobacter">
							<count><val>1</val></count>
								<node name="Unclassified">
								<count><val>1</val></count>
								</node>
							</node>
						</node>
						<node name="Hyphomonadaceae">
						<count><val>5</val></count>
							<node name="Oceanicaulis">
							<count><val>3</val></count>
								<node name="Unclassified">
								<count><val>3</val></count>
								</node>
							</node>
							<node name="Maricaulis">
							<count><val>2</val></count>
							</node>
						</node>
					</node>
					<node name="Sphingomonadales">
					<count><val>30</val></count>
						<node name="Sphingomonadaceae">
						<count><val>24</val></count>
							<node name="Sphingomonas">
							<count><val>15</val></count>
								<node name="Unclassified">
								<count><val>15</val></count>
								</node>
							</node>
							<node name="Sphingobium">
							<count><val>2</val></count>
								<node name="Unclassified">
								<count><val>2</val></count>
								</node>
							</node>
							<node name="Zymomonas">
							<count><val>2</val></count>
							</node>
							<node name="Unclassified">
							<count><val>3</val></count>
							</node>
							<node name="Kaistobacter">
							<count><val>2</val></count>
								<node name="Unclassified">
								<count><val>2</val></count>
								</node>
							</node>
						</node>
						<node name="Erythrobacteraceae">
						<count><val>6</val></count>
							<node name="Erythrobacter">
							<count><val>6</val></count>
								<node name="Unclassified">
								<count><val>6</val></count>
								</node>
							</node>
						</node>
					</node>
					<node name="Unclassified">
					<count><val>12</val></count>
					</node>
					<node name="Nisaea">
					<count><val>1</val></count>
					</node>
					<node name="Caulobacterales">
					<count><val>1</val></count>
						<node name="Caulobacteraceae">
						<count><val>1</val></count>
							<node name="Caulobacter">
							<count><val>1</val></count>
								<node name="Unclassified">
								<count><val>1</val></count>
								</node>
							</node>
						</node>
					</node>
					<node name="Rickettsiales">
					<count><val>1</val></count>
						<node name="Holosporaceae">
						<count><val>1</val></count>
							<node name="Unclassified">
							<count><val>1</val></count>
							</node>
						</node>
					</node>
				</node>
				<node name="Gammaproteobacteria">
				<count><val>147</val></count>
					<node name="Alteromonadales">
					<count><val>41</val></count>
						<node name="Alteromonadaceae">
						<count><val>32</val></count>
							<node name="Marinobacter">
							<count><val>1</val></count>
								<node name="Unclassified">
								<count><val>1</val></count>
								</node>
							</node>
							<node name="Alteromonas">
							<count><val>31</val></count>
								<node name="Unclassified">
								<count><val>31</val></count>
								</node>
							</node>
						</node>
						<node name="Pseudoalteromonadaceae">
						<count><val>5</val></count>
							<node name="Pseudoalteromonas">
							<count><val>5</val></count>
								<node name="Unclassified">
								<count><val>5</val></count>
								</node>
							</node>
						</node>
						<node name="Shewanellaceae">
						<count><val>4</val></count>
							<node name="Shewanella">
							<count><val>4</val></count>
								<node name="Unclassified">
								<count><val>4</val></count>
								</node>
							</node>
						</node>
					</node>
					<node name="Methylococcales">
					<count><val>15</val></count>
						<node name="Methylococcaceae">
						<count><val>15</val></count>
							<node name="Methylococcus">
							<count><val>14</val></count>
								<node name="Unclassified">
								<count><val>14</val></count>
								</node>
							</node>
							<node name="Methylobacter">
							<count><val>1</val></count>
								<node name="Unclassified">
								<count><val>1</val></count>
								</node>
							</node>
						</node>
					</node>
					<node name="symbionts">
					<count><val>40</val></count>
						<node name="Unclassified">
						<count><val>40</val></count>
						</node>
					</node>
					<node name="Nitrincola">
					<count><val>1</val></count>
					</node>
					<node name="Pseudomonadales">
					<count><val>16</val></count>
						<node name="Pseudomonadaceae">
						<count><val>13</val></count>
							<node name="Pseudomonas">
							<count><val>13</val></count>
								<node name="Unclassified">
								<count><val>13</val></count>
								</node>
							</node>
						</node>
						<node name="Moraxellaceae">
						<count><val>3</val></count>
							<node name="Moraxella">
							<count><val>3</val></count>
								<node name="Unclassified">
								<count><val>3</val></count>
								</node>
							</node>
						</node>
					</node>
					<node name="Unclassified">
					<count><val>22</val></count>
					</node>
					<node name="Thiotrichales">
					<count><val>3</val></count>
						<node name="Thiotrichaceae">
						<count><val>2</val></count>
							<node name="Thiothrix">
							<count><val>1</val></count>
								<node name="Unclassified">
								<count><val>1</val></count>
								</node>
							</node>
							<node name="Thioploca">
							<count><val>1</val></count>
							</node>
						</node>
						<node name="Piscirickettsiaceae">
						<count><val>1</val></count>
							<node name="Methylophaga">
							<count><val>1</val></count>
								<node name="Unclassified">
								<count><val>1</val></count>
								</node>
							</node>
						</node>
					</node>
					<node name="Vibrionales">
					<count><val>2</val></count>
						<node name="Vibrionaceae">
						<count><val>2</val></count>
							<node name="Vibrio">
							<count><val>2</val></count>
								<node name="Unclassified">
								<count><val>2</val></count>
								</node>
							</node>
						</node>
					</node>
					<node name="Oceanospirillales">
					<count><val>2</val></count>
						<node name="Marinomonas">
						<count><val>1</val></count>
							<node name="Unclassified">
							<count><val>1</val></count>
							</node>
						</node>
						<node name="Alcanivoracaceae">
						<count><val>1</val></count>
							<node name="Alcanivorax">
							<count><val>1</val></count>
								<node name="Unclassified">
								<count><val>1</val></count>
								</node>
							</node>
						</node>
					</node>
					<node name="Aeromonadales">
					<count><val>1</val></count>
						<node name="Aeromonadaceae">
						<count><val>1</val></count>
							<node name="Aeromonas">
							<count><val>1</val></count>
								<node name="Unclassified">
								<count><val>1</val></count>
								</node>
							</node>
						</node>
					</node>
					<node name="Legionellales">
					<count><val>3</val></count>
						<node name="Legionellaceae">
						<count><val>3</val></count>
							<node name="Legionella">
							<count><val>3</val></count>
								<node name="Unclassified">
								<count><val>3</val></count>
								</node>
							</node>
						</node>
					</node>
					<node name="Chromatiales">
					<count><val>1</val></count>
						<node name="Halothiobacillaceae">
						<count><val>1</val></count>
							<node name="Thioalkalibacter">
							<count><val>1</val></count>
							</node>
						</node>
					</node>
				</node>
				<node name="Deltaproteobacteria">
				<count><val>73</val></count>
					<node name="Desulfuromonadales">
					<count><val>50</val></count>
						<node name="Pelobacteraceae">
						<count><val>32</val></count>
							<node name="Pelobacter">
							<count><val>32</val></count>
								<node name="Unclassified">
								<count><val>32</val></count>
								</node>
							</node>
						</node>
						<node name="Geobacteraceae">
						<count><val>15</val></count>
							<node name="Geobacter">
							<count><val>15</val></count>
								<node name="Unclassified">
								<count><val>15</val></count>
								</node>
							</node>
						</node>
						<node name="Desulfuromonadaceae">
						<count><val>3</val></count>
							<node name="Desulfuromonas">
							<count><val>3</val></count>
								<node name="Unclassified">
								<count><val>3</val></count>
								</node>
							</node>
						</node>
					</node>
					<node name="Myxococcales">
					<count><val>6</val></count>
						<node name="Cystobacterineae">
						<count><val>4</val></count>
							<node name="Myxococcaceae">
							<count><val>3</val></count>
								<node name="Myxococcus">
								<count><val>3</val></count>
								</node>
							</node>
							<node name="Cystobacteraceae">
							<count><val>1</val></count>
								<node name="Cystobacter">
								<count><val>1</val></count>
									<node name="Unclassified">
									<count><val>1</val></count>
									</node>
								</node>
							</node>
						</node>
						<node name="Sorangineae">
						<count><val>2</val></count>
							<node name="Polyangiaceae">
							<count><val>2</val></count>
								<node name="Polyangium">
								<count><val>2</val></count>
								</node>
							</node>
						</node>
					</node>
					<node name="Desulfobacterales">
					<count><val>2</val></count>
						<node name="Desulfobacteraceae">
						<count><val>2</val></count>
							<node name="Desulfococcus">
							<count><val>2</val></count>
							</node>
						</node>
					</node>
					<node name="Unclassified">
					<count><val>11</val></count>
					</node>
					<node name="Bdellovibrionales">
					<count><val>3</val></count>
						<node name="Bacteriovoracaceae">
						<count><val>2</val></count>
							<node name="Bacteriovorax">
							<count><val>2</val></count>
								<node name="Unclassified">
								<count><val>2</val></count>
								</node>
							</node>
						</node>
						<node name="Bdellovibrionaceae">
						<count><val>1</val></count>
							<node name="Bacteriovorax">
							<count><val>1</val></count>
							</node>
						</node>
					</node>
					<node name="Desulfovibrionales">
					<count><val>1</val></count>
						<node name="Desulfovibrionaceae">
						<count><val>1</val></count>
							<node name="Desulfovibrio">
							<count><val>1</val></count>
								<node name="Unclassified">
								<count><val>1</val></count>
								</node>
							</node>
						</node>
					</node>
				</node>
				<node name="Magnetococcus">
				<count><val>2</val></count>
					<node name="Unclassified">
					<count><val>2</val></count>
					</node>
				</node>
				<node name="Betaproteobacteria">
				<count><val>3</val></count>
					<node name="Burkholderiales">
					<count><val>2</val></count>
						<node name="Comamonadaceae">
						<count><val>2</val></count>
							<node name="Hydrogenophaga">
							<count><val>1</val></count>
								<node name="Unclassified">
								<count><val>1</val></count>
								</node>
							</node>
							<node name="Variovorax">
							<count><val>1</val></count>
								<node name="Unclassified">
								<count><val>1</val></count>
								</node>
							</node>
						</node>
					</node>
					<node name="Unclassified">
					<count><val>1</val></count>
					</node>
				</node>
				<node name="Unclassified">
				<count><val>2</val></count>
				</node>
			</node>
			<node name="Cyanobacteria">
			<count><val>1012</val></count>
				<node name="Chroococcales">
				<count><val>228</val></count>
					<node name="Radiocystis">
					<count><val>154</val></count>
					</node>
					<node name="Synechococcus">
					<count><val>44</val></count>
						<node name="Unclassified">
						<count><val>44</val></count>
						</node>
					</node>
					<node name="Gloeothece">
					<count><val>25</val></count>
					</node>
					<node name="Microcystis">
					<count><val>2</val></count>
						<node name="Unclassified">
						<count><val>2</val></count>
						</node>
					</node>
					<node name="Cyanothece">
					<count><val>1</val></count>
						<node name="Unclassified">
						<count><val>1</val></count>
						</node>
					</node>
					<node name="Cyanobium">
					<count><val>2</val></count>
						<node name="Unclassified">
						<count><val>2</val></count>
						</node>
					</node>
				</node>
				<node name="Nostocales">
				<count><val>27</val></count>
					<node name="Nostocaceae">
					<count><val>27</val></count>
						<node name="Nostoc">
						<count><val>22</val></count>
							<node name="Unclassified">
							<count><val>22</val></count>
							</node>
						</node>
						<node name="Nodularia">
						<count><val>4</val></count>
							<node name="Unclassified">
							<count><val>4</val></count>
							</node>
						</node>
						<node name="Anabaena">
						<count><val>1</val></count>
							<node name="Unclassified">
							<count><val>1</val></count>
							</node>
						</node>
					</node>
				</node>
				<node name="Prochlorales">
				<count><val>657</val></count>
					<node name="Prochlorococcaceae">
					<count><val>657</val></count>
						<node name="Prochlorococcus">
						<count><val>657</val></count>
							<node name="Unclassified">
							<count><val>657</val></count>
							</node>
						</node>
					</node>
				</node>
				<node name="Unclassified">
				<count><val>26</val></count>
				</node>
				<node name="Stigonematales">
				<count><val>2</val></count>
					<node name="Stigonema">
					<count><val>2</val></count>
					</node>
				</node>
				<node name="Oscillatoriales">
				<count><val>72</val></count>
					<node name="Leptolyngbya">
					<count><val>63</val></count>
						<node name="Unclassified">
						<count><val>63</val></count>
						</node>
					</node>
					<node name="Geitlerinema">
					<count><val>7</val></count>
						<node name="Unclassified">
						<count><val>7</val></count>
						</node>
					</node>
					<node name="Microcoleus">
					<count><val>2</val></count>
						<node name="Unclassified">
						<count><val>2</val></count>
						</node>
					</node>
				</node>
			</node>
			<node name="Unclassified">
			<count><val>64</val></count>
			</node>
			<node name="Firmicutes">
			<count><val>18</val></count>
				<node name="Clostridia">
				<count><val>16</val></count>
					<node name="Clostridiales">
					<count><val>16</val></count>
						<node name="Syntrophomonadaceae">
						<count><val>10</val></count>
							<node name="Syntrophomonas">
							<count><val>10</val></count>
								<node name="Unclassified">
								<count><val>10</val></count>
								</node>
							</node>
						</node>
						<node name="Peptococcaceae">
						<count><val>3</val></count>
							<node name="Peptococcus">
							<count><val>1</val></count>
								<node name="Unclassified">
								<count><val>1</val></count>
								</node>
							</node>
							<node name="Pelotomaculum">
							<count><val>1</val></count>
								<node name="Unclassified">
								<count><val>1</val></count>
								</node>
							</node>
							<node name="Desulfitobacterium">
							<count><val>1</val></count>
								<node name="Unclassified">
								<count><val>1</val></count>
								</node>
							</node>
						</node>
						<node name="Clostridiaceae">
						<count><val>1</val></count>
							<node name="Clostridium">
							<count><val>1</val></count>
								<node name="Unclassified">
								<count><val>1</val></count>
								</node>
							</node>
						</node>
						<node name="Acidaminococcaceae">
						<count><val>2</val></count>
							<node name="Thermosinus">
							<count><val>1</val></count>
							</node>
							<node name="Schwartzia">
							<count><val>1</val></count>
							</node>
						</node>
					</node>
				</node>
				<node name="Bacillales">
				<count><val>2</val></count>
					<node name="Thermoactinomycetaceae">
					<count><val>2</val></count>
						<node name="Planifilum">
						<count><val>2</val></count>
						</node>
					</node>
				</node>
			</node>
			<node name="Antarctic">
			<count><val>1</val></count>
			</node>
			<node name="Verrucomicrobia">
			<count><val>61</val></count>
				<node name="Verrucomicrobia">
				<count><val>52</val></count>
					<node name="Unclassified">
					<count><val>52</val></count>
					</node>
				</node>
				<node name="Verrucomicrobiae">
				<count><val>9</val></count>
					<node name="Verrucomicrobiales">
					<count><val>9</val></count>
						<node name="Opitutaceae">
						<count><val>6</val></count>
							<node name="Opitutus">
							<count><val>6</val></count>
							</node>
						</node>
						<node name="Verrucomicrobiaceae">
						<count><val>2</val></count>
							<node name="Verrucomicrobiaceae">
							<count><val>2</val></count>
							</node>
						</node>
						<node name="Puniceibacter">
						<count><val>1</val></count>
						</node>
					</node>
				</node>
			</node>
			<node name="Actinobacteria">
			<count><val>29</val></count>
				<node name="Actinobacteridae">
				<count><val>25</val></count>
					<node name="Actinomycetales">
					<count><val>25</val></count>
						<node name="Corynebacterineae">
						<count><val>5</val></count>
							<node name="Mycobacteriaceae">
							<count><val>5</val></count>
								<node name="Mycobacterium">
								<count><val>5</val></count>
									<node name="Unclassified">
									<count><val>5</val></count>
									</node>
								</node>
							</node>
						</node>
						<node name="Propionibacterineae">
						<count><val>10</val></count>
							<node name="Nocardioidaceae">
							<count><val>9</val></count>
								<node name="Aeromicrobium">
								<count><val>3</val></count>
									<node name="Unclassified">
									<count><val>3</val></count>
									</node>
								</node>
								<node name="Pimelobacter">
								<count><val>6</val></count>
								</node>
							</node>
							<node name="Propionibacteriaceae">
							<count><val>1</val></count>
								<node name="Brooklawnia">
								<count><val>1</val></count>
								</node>
							</node>
						</node>
						<node name="Pseudonocardineae">
						<count><val>5</val></count>
							<node name="Pseudonocardiaceae">
							<count><val>5</val></count>
								<node name="Saccharopolyspora">
								<count><val>4</val></count>
								</node>
								<node name="Pseudonocardia">
								<count><val>1</val></count>
									<node name="Unclassified">
									<count><val>1</val></count>
									</node>
								</node>
							</node>
						</node>
						<node name="Micromonosporineae">
						<count><val>2</val></count>
							<node name="Micromonosporaceae">
							<count><val>2</val></count>
								<node name="Salinispora">
								<count><val>2</val></count>
								</node>
							</node>
						</node>
						<node name="Streptomycineae">
						<count><val>1</val></count>
							<node name="Streptomycetaceae">
							<count><val>1</val></count>
								<node name="Parastreptomyces">
								<count><val>1</val></count>
								</node>
							</node>
						</node>
						<node name="Micrococcineae">
						<count><val>2</val></count>
							<node name="Microbacteriaceae">
							<count><val>2</val></count>
								<node name="Unclassified">
								<count><val>2</val></count>
								</node>
							</node>
						</node>
					</node>
				</node>
				<node name="Coriobacteridae">
				<count><val>1</val></count>
					<node name="Coriobacteriales">
					<count><val>1</val></count>
						<node name="Coriobacterineae">
						<count><val>1</val></count>
							<node name="Coriobacteriaceae">
							<count><val>1</val></count>
								<node name="Adlercreutzia">
								<count><val>1</val></count>
								</node>
							</node>
						</node>
					</node>
				</node>
				<node name="Acidimicrobidae">
				<count><val>1</val></count>
					<node name="Unclassified">
					<count><val>1</val></count>
					</node>
				</node>
				<node name="Microthrix">
				<count><val>1</val></count>
					<node name="Unclassified">
					<count><val>1</val></count>
					</node>
				</node>
				<node name="Rubrobacteridae">
				<count><val>1</val></count>
					<node name="Unclassified">
					<count><val>1</val></count>
					</node>
				</node>
			</node>
			<node name="Planctomycetes">
			<count><val>100</val></count>
				<node name="Planctomycetacia">
				<count><val>100</val></count>
					<node name="Planctomycetales">
					<count><val>100</val></count>
						<node name="Planctomycetaceae">
						<count><val>97</val></count>
							<node name="Unclassified">
							<count><val>34</val></count>
							</node>
							<node name="Pirellula">
							<count><val>28</val></count>
								<node name="Unclassified">
								<count><val>28</val></count>
								</node>
							</node>
							<node name="Rhodopirellula">
							<count><val>34</val></count>
							</node>
							<node name="Planctomyces">
							<count><val>1</val></count>
								<node name="Unclassified">
								<count><val>1</val></count>
								</node>
							</node>
						</node>
						<node name="Unclassified">
						<count><val>3</val></count>
						</node>
					</node>
				</node>
			</node>
			<node name="Bacteroidetes">
			<count><val>69</val></count>
				<node name="Flavobacteria">
				<count><val>62</val></count>
					<node name="Flavobacteriales">
					<count><val>51</val></count>
						<node name="Flavobacteriaceae">
						<count><val>50</val></count>
							<node name="Cellulophaga">
							<count><val>5</val></count>
								<node name="Unclassified">
								<count><val>5</val></count>
								</node>
							</node>
							<node name="Flavobacterium">
							<count><val>1</val></count>
								<node name="Unclassified">
								<count><val>1</val></count>
								</node>
							</node>
							<node name="Unclassified">
							<count><val>11</val></count>
							</node>
							<node name="Gelidibacter">
							<count><val>6</val></count>
								<node name="Unclassified">
								<count><val>6</val></count>
								</node>
							</node>
							<node name="Yeosuana">
							<count><val>9</val></count>
							</node>
							<node name="Tenacibaculum">
							<count><val>12</val></count>
								<node name="Unclassified">
								<count><val>12</val></count>
								</node>
							</node>
							<node name="Gilvibacter">
							<count><val>2</val></count>
							</node>
							<node name="Krokinobacter">
							<count><val>1</val></count>
							</node>
							<node name="Gaetbulibacter">
							<count><val>2</val></count>
							</node>
							<node name="Chryseobacterium">
							<count><val>1</val></count>
								<node name="Unclassified">
								<count><val>1</val></count>
								</node>
							</node>
						</node>
						<node name="Cryomorphaceae">
						<count><val>1</val></count>
							<node name="Owenweeksia">
							<count><val>1</val></count>
								<node name="Unclassified">
								<count><val>1</val></count>
								</node>
							</node>
						</node>
					</node>
					<node name="Unclassified">
					<count><val>11</val></count>
					</node>
				</node>
				<node name="Bacteroidales">
				<count><val>2</val></count>
					<node name="Rikenellaceae">
					<count><val>1</val></count>
						<node name="Ruminofilibacter">
						<count><val>1</val></count>
						</node>
					</node>
					<node name="Bacteroidaceae">
					<count><val>1</val></count>
						<node name="Anaerophaga">
						<count><val>1</val></count>
							<node name="Unclassified">
							<count><val>1</val></count>
							</node>
						</node>
					</node>
				</node>
				<node name="Sphingobacteria">
				<count><val>5</val></count>
					<node name="Sphingobacteriales">
					<count><val>5</val></count>
						<node name="Saprospiraceae">
						<count><val>1</val></count>
							<node name="Lewinella">
							<count><val>1</val></count>
								<node name="Unclassified">
								<count><val>1</val></count>
								</node>
							</node>
						</node>
						<node name="Flexibacteraceae">
						<count><val>3</val></count>
							<node name="Algoriphagus">
							<count><val>2</val></count>
								<node name="Unclassified">
								<count><val>2</val></count>
								</node>
							</node>
							<node name="Flexibacter">
							<count><val>1</val></count>
								<node name="Unclassified">
								<count><val>1</val></count>
								</node>
							</node>
						</node>
						<node name="Chitinophagaceae">
						<count><val>1</val></count>
							<node name="Sediminibacterium">
							<count><val>1</val></count>
							</node>
						</node>
					</node>
				</node>
			</node>
			<node name="Gemmatimonadetes">
			<count><val>1</val></count>
				<node name="Unclassified">
				<count><val>1</val></count>
				</node>
			</node>
		</node>
		<node name="Eukaryota">
		<count><val>57</val></count>
			<node name="Viridiplantae">
			<count><val>4</val></count>
				<node name="Streptophyta">
				<count><val>3</val></count>
					<node name="Embryophyta">
					<count><val>3</val></count>
						<node name="Tracheophyta">
						<count><val>3</val></count>
							<node name="Moniliformopses">
							<count><val>3</val></count>
								<node name="Filicophyta">
								<count><val>2</val></count>
									<node name="Marattiopsida">
									<count><val>2</val></count>
										<node name="Marattiales">
										<count><val>2</val></count>
											<node name="Marattiaceae">
											<count><val>2</val></count>
												<node name="Angiopteris">
												<count><val>2</val></count>
												</node>
											</node>
										</node>
									</node>
								</node>
								<node name="Equisetophyta">
								<count><val>1</val></count>
									<node name="Sphenopsida">
									<count><val>1</val></count>
										<node name="Equisetales">
										<count><val>1</val></count>
											<node name="Equisetaceae">
											<count><val>1</val></count>
												<node name="Equisetum">
												<count><val>1</val></count>
												</node>
											</node>
										</node>
									</node>
								</node>
							</node>
						</node>
					</node>
				</node>
				<node name="Chlorophyta">
				<count><val>1</val></count>
					<node name="Trebouxiophyceae">
					<count><val>1</val></count>
						<node name="Chlorellales">
						<count><val>1</val></count>
							<node name="Chlorellaceae">
							<count><val>1</val></count>
								<node name="Auxenochlorella">
								<count><val>1</val></count>
								</node>
							</node>
						</node>
					</node>
				</node>
			</node>
			<node name="Haptophyceae">
			<count><val>26</val></count>
				<node name="Isochrysidales">
				<count><val>1</val></count>
					<node name="Emiliania">
					<count><val>1</val></count>
					</node>
				</node>
				<node name="Prymnesiales">
				<count><val>25</val></count>
					<node name="Chrysochromulina">
					<count><val>25</val></count>
					</node>
				</node>
			</node>
			<node name="stramenopiles">
			<count><val>14</val></count>
				<node name="Bacillariophyta">
				<count><val>14</val></count>
					<node name="Coscinodiscophyceae">
					<count><val>10</val></count>
						<node name="Thalassiosirophycidae">
						<count><val>10</val></count>
							<node name="Thalassiosirales">
							<count><val>10</val></count>
								<node name="Thalassiosiraceae">
								<count><val>10</val></count>
									<node name="Thalassiosira">
									<count><val>10</val></count>
									</node>
								</node>
							</node>
						</node>
					</node>
					<node name="Bacillariophyceae">
					<count><val>4</val></count>
						<node name="Bacillariophycidae">
						<count><val>4</val></count>
							<node name="Naviculales">
							<count><val>4</val></count>
								<node name="Phaeodactylaceae">
								<count><val>4</val></count>
									<node name="Phaeodactylum">
									<count><val>4</val></count>
									</node>
								</node>
							</node>
						</node>
					</node>
				</node>
			</node>
			<node name="Rhodophyta">
			<count><val>5</val></count>
				<node name="Florideophyceae">
				<count><val>5</val></count>
					<node name="Batrachospermales">
					<count><val>1</val></count>
						<node name="Lemaneaceae">
						<count><val>1</val></count>
							<node name="Paralemanea">
							<count><val>1</val></count>
							</node>
						</node>
					</node>
					<node name="Palmariales">
					<count><val>4</val></count>
						<node name="Palmariaceae">
						<count><val>4</val></count>
							<node name="Palmaria">
							<count><val>4</val></count>
							</node>
						</node>
					</node>
				</node>
			</node>
			<node name="Cryptophyta">
			<count><val>8</val></count>
				<node name="Cryptomonadaceae">
				<count><val>8</val></count>
					<node name="Pyrenomonas">
					<count><val>7</val></count>
					</node>
					<node name="Rhodomonas">
					<count><val>1</val></count>
					</node>
				</node>
			</node>
		</node>
		<node name="Archaea">
		<count><val>23</val></count>
			<node name="Euryarchaeota">
			<count><val>23</val></count>
				<node name="Methanococci">
				<count><val>17</val></count>
					<node name="Methanococcales">
					<count><val>17</val></count>
						<node name="Methanococcaceae">
						<count><val>17</val></count>
							<node name="Methanococcus">
							<count><val>17</val></count>
								<node name="Unclassified">
								<count><val>17</val></count>
								</node>
							</node>
						</node>
					</node>
				</node>
				<node name="Methanopyri">
				<count><val>3</val></count>
					<node name="Methanopyrales">
					<count><val>3</val></count>
						<node name="Methanopyraceae">
						<count><val>3</val></count>
							<node name="Methanopyrus">
							<count><val>3</val></count>
								<node name="Unclassified">
								<count><val>3</val></count>
								</node>
							</node>
						</node>
					</node>
				</node>
				<node name="Archaeoglobi">
				<count><val>3</val></count>
					<node name="Archaeoglobales">
					<count><val>3</val></count>
						<node name="Archaeoglobaceae">
						<count><val>3</val></count>
							<node name="Archaeoglobus">
							<count><val>3</val></count>
							</node>
						</node>
					</node>
				</node>
			</node>
		</node>
	</node>
</metasee>
