<?xml version="1.0" encoding="utf-8"?>
<!DOCTYPE metasee SYSTEM "http://www.metasee.org/xmldtd/metasee1.1.dtd">
<metasee>
	<datasets>
		<dataset>GENEEXPRESSION_SMPL_TA_35197</dataset>
	</datasets>
	<node name="root">
	<count><val>5216</val></count>
		<node name="Bacteria">
		<count><val>5176</val></count>
			<node name="Acidobacteria">
			<count><val>11</val></count>
				<node name="Acidobacteriales">
				<count><val>7</val></count>
					<node name="Acidobacteriaceae">
					<count><val>7</val></count>
						<node name="Unclassified">
						<count><val>5</val></count>
						</node>
						<node name="Geothrix">
						<count><val>2</val></count>
							<node name="Unclassified">
							<count><val>2</val></count>
							</node>
						</node>
					</node>
				</node>
				<node name="Holophagae">
				<count><val>2</val></count>
					<node name="Acanthopleuribacterales">
					<count><val>2</val></count>
						<node name="Acanthopleuribacteraceae">
						<count><val>2</val></count>
							<node name="Acanthopleuribacter">
							<count><val>2</val></count>
							</node>
						</node>
					</node>
				</node>
				<node name="Unclassified">
				<count><val>2</val></count>
				</node>
			</node>
			<node name="Proteobacteria">
			<count><val>2578</val></count>
				<node name="Gammaproteobacteria">
				<count><val>2348</val></count>
					<node name="Oceanospirillales">
					<count><val>63</val></count>
						<node name="Halomonadaceae">
						<count><val>42</val></count>
							<node name="Halomonas">
							<count><val>17</val></count>
								<node name="Unclassified">
								<count><val>17</val></count>
								</node>
							</node>
							<node name="Cobetia">
							<count><val>25</val></count>
							</node>
						</node>
						<node name="Neptunomonas">
						<count><val>6</val></count>
							<node name="Unclassified">
							<count><val>6</val></count>
							</node>
						</node>
						<node name="Oceanospirillum">
						<count><val>15</val></count>
							<node name="Unclassified">
							<count><val>15</val></count>
							</node>
						</node>
					</node>
					<node name="Alteromonadales">
					<count><val>2153</val></count>
						<node name="Alteromonadaceae">
						<count><val>1335</val></count>
							<node name="Marinobacter">
							<count><val>128</val></count>
								<node name="Unclassified">
								<count><val>128</val></count>
								</node>
							</node>
							<node name="Alteromonas">
							<count><val>1139</val></count>
								<node name="Unclassified">
								<count><val>1139</val></count>
								</node>
							</node>
							<node name="Microbulbifer">
							<count><val>3</val></count>
								<node name="Unclassified">
								<count><val>3</val></count>
								</node>
							</node>
							<node name="Glaciecola">
							<count><val>14</val></count>
								<node name="Unclassified">
								<count><val>14</val></count>
								</node>
							</node>
							<node name="Agarivorans">
							<count><val>45</val></count>
								<node name="Unclassified">
								<count><val>45</val></count>
								</node>
							</node>
							<node name="Marinimicrobium">
							<count><val>1</val></count>
								<node name="Unclassified">
								<count><val>1</val></count>
								</node>
							</node>
							<node name="Marinobacterium">
							<count><val>5</val></count>
								<node name="Unclassified">
								<count><val>5</val></count>
								</node>
							</node>
						</node>
						<node name="Pseudoalteromonadaceae">
						<count><val>647</val></count>
							<node name="Pseudoalteromonas">
							<count><val>647</val></count>
								<node name="Unclassified">
								<count><val>647</val></count>
								</node>
							</node>
						</node>
						<node name="Colwelliaceae">
						<count><val>107</val></count>
							<node name="Thalassomonas">
							<count><val>46</val></count>
								<node name="Unclassified">
								<count><val>46</val></count>
								</node>
							</node>
							<node name="Colwellia">
							<count><val>61</val></count>
								<node name="Unclassified">
								<count><val>61</val></count>
								</node>
							</node>
						</node>
						<node name="Idiomarinaceae">
						<count><val>4</val></count>
							<node name="Idiomarina">
							<count><val>4</val></count>
								<node name="Unclassified">
								<count><val>4</val></count>
								</node>
							</node>
						</node>
						<node name="Ferrimonadaceae">
						<count><val>5</val></count>
							<node name="Ferrimonas">
							<count><val>5</val></count>
								<node name="Unclassified">
								<count><val>5</val></count>
								</node>
							</node>
						</node>
						<node name="Shewanellaceae">
						<count><val>50</val></count>
							<node name="Shewanella">
							<count><val>50</val></count>
								<node name="Unclassified">
								<count><val>50</val></count>
								</node>
							</node>
						</node>
						<node name="Moritellaceae">
						<count><val>5</val></count>
							<node name="Moritella">
							<count><val>5</val></count>
								<node name="Unclassified">
								<count><val>5</val></count>
								</node>
							</node>
						</node>
					</node>
					<node name="Pseudomonadales">
					<count><val>12</val></count>
						<node name="Pseudomonadaceae">
						<count><val>9</val></count>
							<node name="Pseudomonas">
							<count><val>9</val></count>
								<node name="Unclassified">
								<count><val>9</val></count>
								</node>
							</node>
						</node>
						<node name="Moraxellaceae">
						<count><val>3</val></count>
							<node name="Psychrobacter">
							<count><val>2</val></count>
								<node name="Unclassified">
								<count><val>2</val></count>
								</node>
							</node>
							<node name="Acinetobacter">
							<count><val>1</val></count>
								<node name="Unclassified">
								<count><val>1</val></count>
								</node>
							</node>
						</node>
					</node>
					<node name="Unclassified">
					<count><val>34</val></count>
					</node>
					<node name="Vibrionales">
					<count><val>33</val></count>
						<node name="Vibrionaceae">
						<count><val>33</val></count>
							<node name="Vibrio">
							<count><val>33</val></count>
								<node name="Unclassified">
								<count><val>33</val></count>
								</node>
							</node>
						</node>
					</node>
					<node name="Enterobacteriales">
					<count><val>6</val></count>
						<node name="Enterobacteriaceae">
						<count><val>6</val></count>
							<node name="Photorhabdus">
							<count><val>2</val></count>
								<node name="Unclassified">
								<count><val>2</val></count>
								</node>
							</node>
							<node name="Rahnella">
							<count><val>1</val></count>
								<node name="Unclassified">
								<count><val>1</val></count>
								</node>
							</node>
							<node name="Serratia">
							<count><val>3</val></count>
								<node name="Unclassified">
								<count><val>3</val></count>
								</node>
							</node>
						</node>
					</node>
					<node name="Thiotrichales">
					<count><val>11</val></count>
						<node name="Piscirickettsiaceae">
						<count><val>9</val></count>
							<node name="Methylophaga">
							<count><val>7</val></count>
								<node name="Unclassified">
								<count><val>7</val></count>
								</node>
							</node>
							<node name="Cycloclasticus">
							<count><val>2</val></count>
								<node name="Unclassified">
								<count><val>2</val></count>
								</node>
							</node>
						</node>
						<node name="Francisellaceae">
						<count><val>1</val></count>
							<node name="Francisella">
							<count><val>1</val></count>
								<node name="Unclassified">
								<count><val>1</val></count>
								</node>
							</node>
						</node>
						<node name="Thiotrichaceae">
						<count><val>1</val></count>
							<node name="Thiothrix">
							<count><val>1</val></count>
								<node name="Unclassified">
								<count><val>1</val></count>
								</node>
							</node>
						</node>
					</node>
					<node name="Xanthomonadales">
					<count><val>3</val></count>
						<node name="Xanthomonadaceae">
						<count><val>3</val></count>
							<node name="Xylella">
							<count><val>3</val></count>
							</node>
						</node>
					</node>
					<node name="Acidithiobacillales">
					<count><val>4</val></count>
						<node name="Acidithiobacillaceae">
						<count><val>4</val></count>
							<node name="Acidithiobacillus">
							<count><val>4</val></count>
								<node name="Unclassified">
								<count><val>4</val></count>
								</node>
							</node>
						</node>
					</node>
					<node name="Legionellales">
					<count><val>3</val></count>
						<node name="Legionellaceae">
						<count><val>2</val></count>
							<node name="Legionella">
							<count><val>2</val></count>
								<node name="Unclassified">
								<count><val>2</val></count>
								</node>
							</node>
						</node>
						<node name="Coxiellaceae">
						<count><val>1</val></count>
							<node name="Rickettsiella">
							<count><val>1</val></count>
								<node name="Unclassified">
								<count><val>1</val></count>
								</node>
							</node>
						</node>
					</node>
					<node name="Chromatiales">
					<count><val>6</val></count>
						<node name="Ectothiorhodospiraceae">
						<count><val>4</val></count>
							<node name="Alkalilimnicola">
							<count><val>1</val></count>
							</node>
							<node name="Arhodomonas">
							<count><val>1</val></count>
							</node>
							<node name="Thioalkalivibrio">
							<count><val>2</val></count>
								<node name="Unclassified">
								<count><val>2</val></count>
								</node>
							</node>
						</node>
						<node name="Chromatiaceae">
						<count><val>2</val></count>
							<node name="Nitrosococcus">
							<count><val>2</val></count>
							</node>
						</node>
					</node>
					<node name="symbionts">
					<count><val>3</val></count>
						<node name="Unclassified">
						<count><val>3</val></count>
						</node>
					</node>
					<node name="Aeromonadales">
					<count><val>8</val></count>
						<node name="Aeromonadaceae">
						<count><val>8</val></count>
							<node name="Aeromonas">
							<count><val>6</val></count>
								<node name="Unclassified">
								<count><val>6</val></count>
								</node>
							</node>
							<node name="Zobellella">
							<count><val>2</val></count>
							</node>
						</node>
					</node>
					<node name="Methylococcales">
					<count><val>4</val></count>
						<node name="Methylococcaceae">
						<count><val>4</val></count>
							<node name="Methylocaldum">
							<count><val>3</val></count>
								<node name="Unclassified">
								<count><val>3</val></count>
								</node>
							</node>
							<node name="Methylomicrobium">
							<count><val>1</val></count>
								<node name="Unclassified">
								<count><val>1</val></count>
								</node>
							</node>
						</node>
					</node>
					<node name="Kangiella">
					<count><val>2</val></count>
						<node name="Unclassified">
						<count><val>2</val></count>
						</node>
					</node>
					<node name="Pasteurellales">
					<count><val>2</val></count>
						<node name="Pasteurellaceae">
						<count><val>2</val></count>
							<node name="Mannheimia">
							<count><val>1</val></count>
							</node>
							<node name="Gallibacterium">
							<count><val>1</val></count>
							</node>
						</node>
					</node>
					<node name="Riesia">
					<count><val>1</val></count>
					</node>
				</node>
				<node name="Alphaproteobacteria">
				<count><val>145</val></count>
					<node name="Rhodospirillales">
					<count><val>29</val></count>
						<node name="Rhodospirillaceae">
						<count><val>29</val></count>
							<node name="Azospirillum">
							<count><val>13</val></count>
								<node name="Unclassified">
								<count><val>13</val></count>
								</node>
							</node>
							<node name="Rhodocista">
							<count><val>1</val></count>
								<node name="Unclassified">
								<count><val>1</val></count>
								</node>
							</node>
							<node name="Thalassospira">
							<count><val>13</val></count>
								<node name="Unclassified">
								<count><val>13</val></count>
								</node>
							</node>
							<node name="Phaeospirillum">
							<count><val>1</val></count>
								<node name="Unclassified">
								<count><val>1</val></count>
								</node>
							</node>
							<node name="Magnetospirillum">
							<count><val>1</val></count>
								<node name="Unclassified">
								<count><val>1</val></count>
								</node>
							</node>
						</node>
					</node>
					<node name="Rhizobiales">
					<count><val>42</val></count>
						<node name="Hyphomicrobiaceae">
						<count><val>13</val></count>
							<node name="Devosia">
							<count><val>9</val></count>
								<node name="Unclassified">
								<count><val>9</val></count>
								</node>
							</node>
							<node name="Hyphomicrobium">
							<count><val>3</val></count>
								<node name="Unclassified">
								<count><val>3</val></count>
								</node>
							</node>
							<node name="Rhodoplanes">
							<count><val>1</val></count>
								<node name="Unclassified">
								<count><val>1</val></count>
								</node>
							</node>
						</node>
						<node name="Phyllobacteriaceae">
						<count><val>10</val></count>
							<node name="Nitratireductor">
							<count><val>3</val></count>
								<node name="Unclassified">
								<count><val>3</val></count>
								</node>
							</node>
							<node name="Mesorhizobium">
							<count><val>6</val></count>
								<node name="Unclassified">
								<count><val>6</val></count>
								</node>
							</node>
							<node name="Phyllobacterium">
							<count><val>1</val></count>
								<node name="Unclassified">
								<count><val>1</val></count>
								</node>
							</node>
						</node>
						<node name="Methylocystaceae">
						<count><val>12</val></count>
							<node name="Terasakiella">
							<count><val>12</val></count>
							</node>
						</node>
						<node name="Rhizobiaceae">
						<count><val>2</val></count>
							<node name="Rhizobium">
							<count><val>2</val></count>
								<node name="Unclassified">
								<count><val>2</val></count>
								</node>
							</node>
						</node>
						<node name="Aurantimonadaceae">
						<count><val>2</val></count>
							<node name="Aurantimonas">
							<count><val>2</val></count>
								<node name="Unclassified">
								<count><val>2</val></count>
								</node>
							</node>
						</node>
						<node name="Brucellaceae">
						<count><val>2</val></count>
							<node name="Brucella">
							<count><val>1</val></count>
							</node>
							<node name="Ochrobactrum">
							<count><val>1</val></count>
								<node name="Unclassified">
								<count><val>1</val></count>
								</node>
							</node>
						</node>
						<node name="Bradyrhizobiaceae">
						<count><val>1</val></count>
							<node name="Balneimonas">
							<count><val>1</val></count>
							</node>
						</node>
					</node>
					<node name="Rhodobacterales">
					<count><val>30</val></count>
						<node name="Rhodobacteraceae">
						<count><val>24</val></count>
							<node name="Roseovarius">
							<count><val>8</val></count>
								<node name="Unclassified">
								<count><val>8</val></count>
								</node>
							</node>
							<node name="Sulfitobacter">
							<count><val>2</val></count>
								<node name="Unclassified">
								<count><val>2</val></count>
								</node>
							</node>
							<node name="Pseudovibrio">
							<count><val>2</val></count>
								<node name="Unclassified">
								<count><val>2</val></count>
								</node>
							</node>
							<node name="Unclassified">
							<count><val>4</val></count>
							</node>
							<node name="Paracoccus">
							<count><val>2</val></count>
								<node name="Unclassified">
								<count><val>2</val></count>
								</node>
							</node>
							<node name="Roseobacter">
							<count><val>3</val></count>
								<node name="Unclassified">
								<count><val>3</val></count>
								</node>
							</node>
							<node name="Labrenzia">
							<count><val>2</val></count>
							</node>
							<node name="Roseisalinus">
							<count><val>1</val></count>
							</node>
						</node>
						<node name="Hyphomonadaceae">
						<count><val>6</val></count>
							<node name="Maricaulis">
							<count><val>3</val></count>
							</node>
							<node name="Oceanicaulis">
							<count><val>2</val></count>
								<node name="Unclassified">
								<count><val>2</val></count>
								</node>
							</node>
							<node name="Hyphomonas">
							<count><val>1</val></count>
								<node name="Unclassified">
								<count><val>1</val></count>
								</node>
							</node>
						</node>
					</node>
					<node name="Sphingomonadales">
					<count><val>24</val></count>
						<node name="Sphingomonadaceae">
						<count><val>21</val></count>
							<node name="Sphingobium">
							<count><val>1</val></count>
								<node name="Unclassified">
								<count><val>1</val></count>
								</node>
							</node>
							<node name="Sphingosinicella">
							<count><val>3</val></count>
							</node>
							<node name="Sphingomonas">
							<count><val>16</val></count>
								<node name="Unclassified">
								<count><val>16</val></count>
								</node>
							</node>
							<node name="Unclassified">
							<count><val>1</val></count>
							</node>
						</node>
						<node name="Erythrobacteraceae">
						<count><val>3</val></count>
							<node name="Erythrobacter">
							<count><val>3</val></count>
								<node name="Unclassified">
								<count><val>3</val></count>
								</node>
							</node>
						</node>
					</node>
					<node name="Rickettsiales">
					<count><val>10</val></count>
						<node name="Holosporaceae">
						<count><val>2</val></count>
							<node name="Unclassified">
							<count><val>2</val></count>
							</node>
						</node>
						<node name="Anaplasmataceae">
						<count><val>7</val></count>
							<node name="Ehrlichia">
							<count><val>7</val></count>
								<node name="Unclassified">
								<count><val>7</val></count>
								</node>
							</node>
						</node>
						<node name="Rickettsiaceae">
						<count><val>1</val></count>
							<node name="Rickettsieae">
							<count><val>1</val></count>
								<node name="Rickettsia">
								<count><val>1</val></count>
									<node name="group">
									<count><val>1</val></count>
										<node name="Unclassified">
										<count><val>1</val></count>
										</node>
									</node>
								</node>
							</node>
						</node>
					</node>
					<node name="Unclassified">
					<count><val>6</val></count>
					</node>
					<node name="Caulobacterales">
					<count><val>4</val></count>
						<node name="Caulobacteraceae">
						<count><val>4</val></count>
							<node name="Caulobacter">
							<count><val>2</val></count>
								<node name="Unclassified">
								<count><val>2</val></count>
								</node>
							</node>
							<node name="Brevundimonas">
							<count><val>2</val></count>
								<node name="Unclassified">
								<count><val>2</val></count>
								</node>
							</node>
						</node>
					</node>
				</node>
				<node name="Deltaproteobacteria">
				<count><val>70</val></count>
					<node name="Desulfuromonadales">
					<count><val>40</val></count>
						<node name="Pelobacteraceae">
						<count><val>24</val></count>
							<node name="Pelobacter">
							<count><val>24</val></count>
								<node name="Unclassified">
								<count><val>24</val></count>
								</node>
							</node>
						</node>
						<node name="Geobacteraceae">
						<count><val>16</val></count>
							<node name="Geobacter">
							<count><val>16</val></count>
								<node name="Unclassified">
								<count><val>16</val></count>
								</node>
							</node>
						</node>
					</node>
					<node name="Bdellovibrionales">
					<count><val>9</val></count>
						<node name="Bdellovibrionaceae">
						<count><val>8</val></count>
							<node name="Bacteriovorax">
							<count><val>6</val></count>
							</node>
							<node name="Bdellovibrio">
							<count><val>2</val></count>
								<node name="Unclassified">
								<count><val>2</val></count>
								</node>
							</node>
						</node>
						<node name="Bacteriovoracaceae">
						<count><val>1</val></count>
							<node name="Bacteriovorax">
							<count><val>1</val></count>
								<node name="Unclassified">
								<count><val>1</val></count>
								</node>
							</node>
						</node>
					</node>
					<node name="Myxococcales">
					<count><val>7</val></count>
						<node name="Unclassified">
						<count><val>3</val></count>
						</node>
						<node name="Sorangineae">
						<count><val>1</val></count>
							<node name="Polyangiaceae">
							<count><val>1</val></count>
								<node name="Polyangium">
								<count><val>1</val></count>
								</node>
							</node>
						</node>
						<node name="Enhygromyxa">
						<count><val>1</val></count>
							<node name="Unclassified">
							<count><val>1</val></count>
							</node>
						</node>
						<node name="Cystobacterineae">
						<count><val>1</val></count>
							<node name="Myxococcaceae">
							<count><val>1</val></count>
								<node name="Myxococcus">
								<count><val>1</val></count>
								</node>
							</node>
						</node>
						<node name="Sorangiineae">
						<count><val>1</val></count>
							<node name="Polyangiaceae">
							<count><val>1</val></count>
								<node name="Chondromyces">
								<count><val>1</val></count>
								</node>
							</node>
						</node>
					</node>
					<node name="Syntrophobacterales">
					<count><val>4</val></count>
						<node name="Syntrophaceae">
						<count><val>2</val></count>
							<node name="Desulfomonile">
							<count><val>2</val></count>
								<node name="Unclassified">
								<count><val>2</val></count>
								</node>
							</node>
						</node>
						<node name="Syntrophobacteraceae">
						<count><val>2</val></count>
							<node name="Desulfoglaeba">
							<count><val>2</val></count>
							</node>
						</node>
					</node>
					<node name="Unclassified">
					<count><val>8</val></count>
					</node>
					<node name="Desulfobacterales">
					<count><val>2</val></count>
						<node name="Desulfobacteraceae">
						<count><val>2</val></count>
							<node name="Desulfococcus">
							<count><val>2</val></count>
							</node>
						</node>
					</node>
				</node>
				<node name="Unclassified">
				<count><val>5</val></count>
				</node>
				<node name="Betaproteobacteria">
				<count><val>10</val></count>
					<node name="Burkholderiales">
					<count><val>8</val></count>
						<node name="Comamonadaceae">
						<count><val>7</val></count>
							<node name="Hydrogenophaga">
							<count><val>5</val></count>
								<node name="Unclassified">
								<count><val>5</val></count>
								</node>
							</node>
							<node name="Acidovorax">
							<count><val>2</val></count>
								<node name="Unclassified">
								<count><val>2</val></count>
								</node>
							</node>
						</node>
						<node name="Burkholderiaceae">
						<count><val>1</val></count>
							<node name="Burkholderia">
							<count><val>1</val></count>
								<node name="Unclassified">
								<count><val>1</val></count>
								</node>
							</node>
						</node>
					</node>
					<node name="Nitrosomonadales">
					<count><val>2</val></count>
						<node name="Nitrosomonadaceae">
						<count><val>2</val></count>
							<node name="Nitrosospira">
							<count><val>2</val></count>
								<node name="Unclassified">
								<count><val>2</val></count>
								</node>
							</node>
						</node>
					</node>
				</node>
			</node>
			<node name="Cyanobacteria">
			<count><val>2081</val></count>
				<node name="Oscillatoriales">
				<count><val>1099</val></count>
					<node name="Microcoleus">
					<count><val>142</val></count>
						<node name="Unclassified">
						<count><val>142</val></count>
						</node>
					</node>
					<node name="Geitlerinema">
					<count><val>821</val></count>
						<node name="Unclassified">
						<count><val>821</val></count>
						</node>
					</node>
					<node name="Leptolyngbya">
					<count><val>120</val></count>
						<node name="Unclassified">
						<count><val>120</val></count>
						</node>
					</node>
					<node name="Planktothrix">
					<count><val>16</val></count>
					</node>
				</node>
				<node name="Nostocales">
				<count><val>675</val></count>
					<node name="Nostocaceae">
					<count><val>675</val></count>
						<node name="Nodularia">
						<count><val>458</val></count>
							<node name="Unclassified">
							<count><val>458</val></count>
							</node>
						</node>
						<node name="Nostoc">
						<count><val>215</val></count>
							<node name="Unclassified">
							<count><val>215</val></count>
							</node>
						</node>
						<node name="Anabaena">
						<count><val>2</val></count>
							<node name="Unclassified">
							<count><val>2</val></count>
							</node>
						</node>
					</node>
				</node>
				<node name="Unclassified">
				<count><val>70</val></count>
				</node>
				<node name="Chroococcales">
				<count><val>221</val></count>
					<node name="Radiocystis">
					<count><val>36</val></count>
					</node>
					<node name="Cyanobium">
					<count><val>33</val></count>
						<node name="Unclassified">
						<count><val>33</val></count>
						</node>
					</node>
					<node name="Synechococcus">
					<count><val>141</val></count>
						<node name="Unclassified">
						<count><val>141</val></count>
						</node>
					</node>
					<node name="Gloeothece">
					<count><val>8</val></count>
					</node>
					<node name="Cyanothece">
					<count><val>3</val></count>
						<node name="Unclassified">
						<count><val>3</val></count>
						</node>
					</node>
				</node>
				<node name="Prochlorales">
				<count><val>16</val></count>
					<node name="Prochlorococcaceae">
					<count><val>16</val></count>
						<node name="Prochlorococcus">
						<count><val>16</val></count>
							<node name="Unclassified">
							<count><val>16</val></count>
							</node>
						</node>
					</node>
				</node>
			</node>
			<node name="Unclassified">
			<count><val>75</val></count>
			</node>
			<node name="Bacteroidetes">
			<count><val>386</val></count>
				<node name="Unclassified">
				<count><val>73</val></count>
				</node>
				<node name="Sphingobacteria">
				<count><val>260</val></count>
					<node name="Sphingobacteriales">
					<count><val>259</val></count>
						<node name="Saprospiraceae">
						<count><val>90</val></count>
							<node name="Lewinella">
							<count><val>38</val></count>
								<node name="Unclassified">
								<count><val>38</val></count>
								</node>
							</node>
							<node name="Aureispira">
							<count><val>10</val></count>
							</node>
							<node name="Saprospira">
							<count><val>36</val></count>
							</node>
							<node name="Unclassified">
							<count><val>6</val></count>
							</node>
						</node>
						<node name="Flexibacteraceae">
						<count><val>156</val></count>
							<node name="Algoriphagus">
							<count><val>27</val></count>
								<node name="Unclassified">
								<count><val>27</val></count>
								</node>
							</node>
							<node name="Flexibacter">
							<count><val>106</val></count>
								<node name="Unclassified">
								<count><val>106</val></count>
								</node>
							</node>
							<node name="Roseivirga">
							<count><val>5</val></count>
							</node>
							<node name="Adhaeribacter">
							<count><val>1</val></count>
								<node name="Unclassified">
								<count><val>1</val></count>
								</node>
							</node>
							<node name="Unclassified">
							<count><val>7</val></count>
							</node>
							<node name="Dokdonia">
							<count><val>5</val></count>
							</node>
							<node name="Cytophaga">
							<count><val>2</val></count>
								<node name="Unclassified">
								<count><val>2</val></count>
								</node>
							</node>
							<node name="Dyadobacter">
							<count><val>1</val></count>
								<node name="Unclassified">
								<count><val>1</val></count>
								</node>
							</node>
							<node name="Cyclobacterium">
							<count><val>2</val></count>
							</node>
						</node>
						<node name="Sphingobacteriaceae">
						<count><val>2</val></count>
							<node name="Pedobacter">
							<count><val>1</val></count>
								<node name="Unclassified">
								<count><val>1</val></count>
								</node>
							</node>
							<node name="Unclassified">
							<count><val>1</val></count>
							</node>
						</node>
						<node name="Chitinophagaceae">
						<count><val>3</val></count>
							<node name="Sediminibacterium">
							<count><val>1</val></count>
							</node>
							<node name="Chitinophagaceae">
							<count><val>2</val></count>
							</node>
						</node>
						<node name="Flammeovirgaceae">
						<count><val>6</val></count>
							<node name="Rapidithrix">
							<count><val>6</val></count>
							</node>
						</node>
						<node name="sedis">
						<count><val>2</val></count>
							<node name="Balneola">
							<count><val>2</val></count>
							</node>
						</node>
					</node>
					<node name="Unclassified">
					<count><val>1</val></count>
					</node>
				</node>
				<node name="Flavobacteria">
				<count><val>50</val></count>
					<node name="Flavobacteriales">
					<count><val>46</val></count>
						<node name="Flavobacteriaceae">
						<count><val>45</val></count>
							<node name="Gelidibacter">
							<count><val>5</val></count>
								<node name="Unclassified">
								<count><val>5</val></count>
								</node>
							</node>
							<node name="Unclassified">
							<count><val>27</val></count>
							</node>
							<node name="Psychroserpens">
							<count><val>1</val></count>
							</node>
							<node name="Gaetbulibacter">
							<count><val>1</val></count>
							</node>
							<node name="Gilvibacter">
							<count><val>2</val></count>
							</node>
							<node name="Flavobacterium">
							<count><val>2</val></count>
								<node name="Unclassified">
								<count><val>2</val></count>
								</node>
							</node>
							<node name="Leptobacterium">
							<count><val>3</val></count>
							</node>
							<node name="Krokinobacter">
							<count><val>2</val></count>
							</node>
							<node name="Tenacibaculum">
							<count><val>2</val></count>
								<node name="Unclassified">
								<count><val>2</val></count>
								</node>
							</node>
						</node>
						<node name="Unclassified">
						<count><val>1</val></count>
						</node>
					</node>
					<node name="Unclassified">
					<count><val>4</val></count>
					</node>
				</node>
				<node name="Bacteroidales">
				<count><val>3</val></count>
					<node name="Rikenellaceae">
					<count><val>3</val></count>
						<node name="Alistipes">
						<count><val>2</val></count>
						</node>
						<node name="Ruminofilibacter">
						<count><val>1</val></count>
						</node>
					</node>
				</node>
			</node>
			<node name="Planctomycetes">
			<count><val>15</val></count>
				<node name="Planctomycetacia">
				<count><val>15</val></count>
					<node name="Planctomycetales">
					<count><val>15</val></count>
						<node name="Planctomycetaceae">
						<count><val>14</val></count>
							<node name="Rhodopirellula">
							<count><val>4</val></count>
							</node>
							<node name="Unclassified">
							<count><val>7</val></count>
							</node>
							<node name="Planctomyces">
							<count><val>2</val></count>
								<node name="Unclassified">
								<count><val>2</val></count>
								</node>
							</node>
							<node name="Pirellula">
							<count><val>1</val></count>
								<node name="Unclassified">
								<count><val>1</val></count>
								</node>
							</node>
						</node>
						<node name="Brocadia">
						<count><val>1</val></count>
						</node>
					</node>
				</node>
			</node>
			<node name="Chloroflexi">
			<count><val>4</val></count>
				<node name="Unclassified">
				<count><val>4</val></count>
				</node>
			</node>
			<node name="Thermodesulfobacteria">
			<count><val>7</val></count>
				<node name="Thermodesulfobacteriales">
				<count><val>7</val></count>
					<node name="Thermodesulfobacteriaceae">
					<count><val>7</val></count>
						<node name="Thermodesulfatator">
						<count><val>7</val></count>
						</node>
					</node>
				</node>
			</node>
			<node name="Firmicutes">
			<count><val>9</val></count>
				<node name="Clostridia">
				<count><val>8</val></count>
					<node name="Clostridiales">
					<count><val>8</val></count>
						<node name="Peptococcaceae">
						<count><val>2</val></count>
							<node name="Carboxydothermus">
							<count><val>1</val></count>
							</node>
							<node name="Desulfotomaculum">
							<count><val>1</val></count>
								<node name="Unclassified">
								<count><val>1</val></count>
								</node>
							</node>
						</node>
						<node name="Acidaminococcaceae">
						<count><val>3</val></count>
							<node name="Thermosinus">
							<count><val>3</val></count>
							</node>
						</node>
						<node name="Eubacteriaceae">
						<count><val>2</val></count>
							<node name="Eubacterium">
							<count><val>2</val></count>
								<node name="Unclassified">
								<count><val>2</val></count>
								</node>
							</node>
						</node>
						<node name="Unclassified">
						<count><val>1</val></count>
						</node>
					</node>
				</node>
				<node name="Mollicutes">
				<count><val>1</val></count>
					<node name="Mycoplasmataceae">
					<count><val>1</val></count>
						<node name="Mycoplasma">
						<count><val>1</val></count>
							<node name="Unclassified">
							<count><val>1</val></count>
							</node>
						</node>
					</node>
				</node>
			</node>
			<node name="Actinobacteria">
			<count><val>4</val></count>
				<node name="Actinobacteridae">
				<count><val>4</val></count>
					<node name="Actinomycetales">
					<count><val>4</val></count>
						<node name="Micrococcineae">
						<count><val>4</val></count>
							<node name="Microbacteriaceae">
							<count><val>2</val></count>
								<node name="Frigoribacterium">
								<count><val>2</val></count>
									<node name="Unclassified">
									<count><val>2</val></count>
									</node>
								</node>
							</node>
							<node name="Micrococcaceae">
							<count><val>2</val></count>
								<node name="Arthrobacter">
								<count><val>2</val></count>
									<node name="Unclassified">
									<count><val>2</val></count>
									</node>
								</node>
							</node>
						</node>
					</node>
				</node>
			</node>
			<node name="Fervidomicrobium">
			<count><val>1</val></count>
			</node>
			<node name="Ktedobacteria">
			<count><val>1</val></count>
				<node name="Ktedobacteria">
				<count><val>1</val></count>
				</node>
			</node>
			<node name="Chlorobi">
			<count><val>1</val></count>
				<node name="Chlorobia">
				<count><val>1</val></count>
					<node name="Chlorobiales">
					<count><val>1</val></count>
						<node name="Chlorobiaceae">
						<count><val>1</val></count>
							<node name="group">
							<count><val>1</val></count>
								<node name="Chlorobium">
								<count><val>1</val></count>
									<node name="Unclassified">
									<count><val>1</val></count>
									</node>
								</node>
							</node>
						</node>
					</node>
				</node>
			</node>
			<node name="Verrucomicrobia">
			<count><val>3</val></count>
				<node name="Verrucomicrobia">
				<count><val>1</val></count>
					<node name="Unclassified">
					<count><val>1</val></count>
					</node>
				</node>
				<node name="Opitutae">
				<count><val>1</val></count>
					<node name="Opitutales">
					<count><val>1</val></count>
						<node name="Opitutaceae">
						<count><val>1</val></count>
							<node name="Unclassified">
							<count><val>1</val></count>
							</node>
						</node>
					</node>
				</node>
				<node name="Verrucomicrobiae">
				<count><val>1</val></count>
					<node name="Verrucomicrobiales">
					<count><val>1</val></count>
						<node name="Opitutaceae">
						<count><val>1</val></count>
							<node name="Opitutus">
							<count><val>1</val></count>
							</node>
						</node>
					</node>
				</node>
			</node>
		</node>
		<node name="Eukaryota">
		<count><val>19</val></count>
			<node name="Rhodophyta">
			<count><val>8</val></count>
				<node name="Florideophyceae">
				<count><val>8</val></count>
					<node name="Palmariales">
					<count><val>7</val></count>
						<node name="Palmariaceae">
						<count><val>7</val></count>
							<node name="Palmaria">
							<count><val>7</val></count>
							</node>
						</node>
					</node>
					<node name="Ceramiales">
					<count><val>1</val></count>
						<node name="Ceramiaceae">
						<count><val>1</val></count>
							<node name="Ceramium">
							<count><val>1</val></count>
							</node>
						</node>
					</node>
				</node>
			</node>
			<node name="Haptophyceae">
			<count><val>5</val></count>
				<node name="Prymnesiales">
				<count><val>5</val></count>
					<node name="Chrysochromulina">
					<count><val>5</val></count>
					</node>
				</node>
			</node>
			<node name="Viridiplantae">
			<count><val>3</val></count>
				<node name="Streptophyta">
				<count><val>3</val></count>
					<node name="Embryophyta">
					<count><val>3</val></count>
						<node name="Tracheophyta">
						<count><val>3</val></count>
							<node name="Moniliformopses">
							<count><val>3</val></count>
								<node name="Filicophyta">
								<count><val>3</val></count>
									<node name="Marattiopsida">
									<count><val>3</val></count>
										<node name="Marattiales">
										<count><val>3</val></count>
											<node name="Marattiaceae">
											<count><val>3</val></count>
												<node name="Angiopteris">
												<count><val>3</val></count>
												</node>
											</node>
										</node>
									</node>
								</node>
							</node>
						</node>
					</node>
				</node>
			</node>
			<node name="Cryptophyta">
			<count><val>1</val></count>
				<node name="Cryptomonadaceae">
				<count><val>1</val></count>
					<node name="Pyrenomonas">
					<count><val>1</val></count>
					</node>
				</node>
			</node>
			<node name="Metazoa">
			<count><val>1</val></count>
				<node name="Mollusca">
				<count><val>1</val></count>
					<node name="Bivalvia">
					<count><val>1</val></count>
						<node name="Heteroconchia">
						<count><val>1</val></count>
							<node name="Veneroida">
							<count><val>1</val></count>
								<node name="Glossoidea">
								<count><val>1</val></count>
									<node name="Vesicomyidae">
									<count><val>1</val></count>
										<node name="Calyptogena">
										<count><val>1</val></count>
										</node>
									</node>
								</node>
							</node>
						</node>
					</node>
				</node>
			</node>
			<node name="stramenopiles">
			<count><val>1</val></count>
				<node name="Bacillariophyta">
				<count><val>1</val></count>
					<node name="Bacillariophyceae">
					<count><val>1</val></count>
						<node name="Bacillariophycidae">
						<count><val>1</val></count>
							<node name="Naviculales">
							<count><val>1</val></count>
								<node name="Phaeodactylaceae">
								<count><val>1</val></count>
									<node name="Phaeodactylum">
									<count><val>1</val></count>
									</node>
								</node>
							</node>
						</node>
					</node>
				</node>
			</node>
		</node>
		<node name="sequences">
		<count><val>20</val></count>
			<node name="sequences">
			<count><val>20</val></count>
				<node name="vectors">
				<count><val>20</val></count>
				</node>
			</node>
		</node>
		<node name="Archaea">
		<count><val>1</val></count>
			<node name="Euryarchaeota">
			<count><val>1</val></count>
				<node name="Methanococci">
				<count><val>1</val></count>
					<node name="Methanococcales">
					<count><val>1</val></count>
						<node name="Methanococcaceae">
						<count><val>1</val></count>
							<node name="Methanococcus">
							<count><val>1</val></count>
								<node name="Unclassified">
								<count><val>1</val></count>
								</node>
							</node>
						</node>
					</node>
				</node>
			</node>
		</node>
	</node>
</metasee>
