<?xml version="1.0" encoding="utf-8"?>
<!DOCTYPE metasee SYSTEM "http://www.metasee.org/xmldtd/metasee1.1.dtd">
<metasee>
	<datasets>
		<dataset>GENEEXPRESSION_SMPL_TA_35194</dataset>
	</datasets>
	<node name="root">
	<count><val>6988</val></count>
		<node name="Bacteria">
		<count><val>6881</val></count>
			<node name="Proteobacteria">
			<count><val>868</val></count>
				<node name="Gammaproteobacteria">
				<count><val>564</val></count>
					<node name="Alteromonadales">
					<count><val>419</val></count>
						<node name="Alteromonadaceae">
						<count><val>252</val></count>
							<node name="Marinobacterium">
							<count><val>2</val></count>
								<node name="Unclassified">
								<count><val>2</val></count>
								</node>
							</node>
							<node name="Marinobacter">
							<count><val>17</val></count>
								<node name="Unclassified">
								<count><val>17</val></count>
								</node>
							</node>
							<node name="Alteromonas">
							<count><val>186</val></count>
								<node name="Unclassified">
								<count><val>186</val></count>
								</node>
							</node>
							<node name="Glaciecola">
							<count><val>39</val></count>
								<node name="Unclassified">
								<count><val>39</val></count>
								</node>
							</node>
							<node name="Agarivorans">
							<count><val>2</val></count>
								<node name="Unclassified">
								<count><val>2</val></count>
								</node>
							</node>
							<node name="Microbulbifer">
							<count><val>2</val></count>
								<node name="Unclassified">
								<count><val>2</val></count>
								</node>
							</node>
							<node name="Marinimicrobium">
							<count><val>4</val></count>
								<node name="Unclassified">
								<count><val>4</val></count>
								</node>
							</node>
						</node>
						<node name="Pseudoalteromonadaceae">
						<count><val>136</val></count>
							<node name="Pseudoalteromonas">
							<count><val>136</val></count>
								<node name="Unclassified">
								<count><val>136</val></count>
								</node>
							</node>
						</node>
						<node name="Moritellaceae">
						<count><val>10</val></count>
							<node name="Moritella">
							<count><val>10</val></count>
								<node name="Unclassified">
								<count><val>10</val></count>
								</node>
							</node>
						</node>
						<node name="Colwelliaceae">
						<count><val>16</val></count>
							<node name="Thalassomonas">
							<count><val>7</val></count>
								<node name="Unclassified">
								<count><val>7</val></count>
								</node>
							</node>
							<node name="Colwellia">
							<count><val>9</val></count>
								<node name="Unclassified">
								<count><val>9</val></count>
								</node>
							</node>
						</node>
						<node name="Shewanellaceae">
						<count><val>4</val></count>
							<node name="Shewanella">
							<count><val>4</val></count>
								<node name="Unclassified">
								<count><val>4</val></count>
								</node>
							</node>
						</node>
						<node name="Idiomarinaceae">
						<count><val>1</val></count>
							<node name="Idiomarina">
							<count><val>1</val></count>
								<node name="Unclassified">
								<count><val>1</val></count>
								</node>
							</node>
						</node>
					</node>
					<node name="Oceanospirillales">
					<count><val>43</val></count>
						<node name="Neptunomonas">
						<count><val>21</val></count>
							<node name="Unclassified">
							<count><val>21</val></count>
							</node>
						</node>
						<node name="Alcanivoracaceae">
						<count><val>3</val></count>
							<node name="Alcanivorax">
							<count><val>3</val></count>
								<node name="Unclassified">
								<count><val>3</val></count>
								</node>
							</node>
						</node>
						<node name="Oceanospirillum">
						<count><val>13</val></count>
							<node name="Unclassified">
							<count><val>13</val></count>
							</node>
						</node>
						<node name="Halomonadaceae">
						<count><val>6</val></count>
							<node name="Cobetia">
							<count><val>2</val></count>
							</node>
							<node name="Halomonas">
							<count><val>4</val></count>
								<node name="Unclassified">
								<count><val>4</val></count>
								</node>
							</node>
						</node>
					</node>
					<node name="Unclassified">
					<count><val>18</val></count>
					</node>
					<node name="Pseudomonadales">
					<count><val>4</val></count>
						<node name="Pseudomonadaceae">
						<count><val>3</val></count>
							<node name="Pseudomonas">
							<count><val>3</val></count>
								<node name="Unclassified">
								<count><val>3</val></count>
								</node>
							</node>
						</node>
						<node name="Moraxellaceae">
						<count><val>1</val></count>
							<node name="Psychrobacter">
							<count><val>1</val></count>
								<node name="Unclassified">
								<count><val>1</val></count>
								</node>
							</node>
						</node>
					</node>
					<node name="Kangiella">
					<count><val>3</val></count>
						<node name="Unclassified">
						<count><val>3</val></count>
						</node>
					</node>
					<node name="Legionellales">
					<count><val>6</val></count>
						<node name="Coxiellaceae">
						<count><val>4</val></count>
							<node name="Coxiella">
							<count><val>2</val></count>
								<node name="Unclassified">
								<count><val>2</val></count>
								</node>
							</node>
							<node name="Rickettsiella">
							<count><val>2</val></count>
								<node name="Unclassified">
								<count><val>2</val></count>
								</node>
							</node>
						</node>
						<node name="Legionellaceae">
						<count><val>2</val></count>
							<node name="Legionella">
							<count><val>1</val></count>
								<node name="Unclassified">
								<count><val>1</val></count>
								</node>
							</node>
							<node name="Unclassified">
							<count><val>1</val></count>
							</node>
						</node>
					</node>
					<node name="Vibrionales">
					<count><val>28</val></count>
						<node name="Vibrionaceae">
						<count><val>28</val></count>
							<node name="Vibrio">
							<count><val>28</val></count>
								<node name="Unclassified">
								<count><val>28</val></count>
								</node>
							</node>
						</node>
					</node>
					<node name="Aeromonadales">
					<count><val>16</val></count>
						<node name="Aeromonadaceae">
						<count><val>16</val></count>
							<node name="Aeromonas">
							<count><val>16</val></count>
								<node name="Unclassified">
								<count><val>16</val></count>
								</node>
							</node>
						</node>
					</node>
					<node name="Chromatiales">
					<count><val>6</val></count>
						<node name="Ectothiorhodospiraceae">
						<count><val>6</val></count>
							<node name="Thioalkalivibrio">
							<count><val>4</val></count>
								<node name="Unclassified">
								<count><val>4</val></count>
								</node>
							</node>
							<node name="Arhodomonas">
							<count><val>2</val></count>
							</node>
						</node>
					</node>
					<node name="symbionts">
					<count><val>4</val></count>
						<node name="Unclassified">
						<count><val>4</val></count>
						</node>
					</node>
					<node name="Acidithiobacillales">
					<count><val>2</val></count>
						<node name="Acidithiobacillaceae">
						<count><val>2</val></count>
							<node name="Acidithiobacillus">
							<count><val>2</val></count>
								<node name="Unclassified">
								<count><val>2</val></count>
								</node>
							</node>
						</node>
					</node>
					<node name="Pasteurellales">
					<count><val>2</val></count>
						<node name="Pasteurellaceae">
						<count><val>2</val></count>
							<node name="Mannheimia">
							<count><val>2</val></count>
							</node>
						</node>
					</node>
					<node name="Xanthomonadales">
					<count><val>2</val></count>
						<node name="Xanthomonadaceae">
						<count><val>2</val></count>
							<node name="Stenotrophomonas">
							<count><val>2</val></count>
								<node name="Unclassified">
								<count><val>2</val></count>
								</node>
							</node>
						</node>
					</node>
					<node name="Thiotrichales">
					<count><val>4</val></count>
						<node name="Piscirickettsiaceae">
						<count><val>4</val></count>
							<node name="Methylophaga">
							<count><val>4</val></count>
								<node name="Unclassified">
								<count><val>4</val></count>
								</node>
							</node>
						</node>
					</node>
					<node name="Methylococcales">
					<count><val>3</val></count>
						<node name="Methylococcaceae">
						<count><val>3</val></count>
							<node name="Methylomicrobium">
							<count><val>1</val></count>
								<node name="Unclassified">
								<count><val>1</val></count>
								</node>
							</node>
							<node name="Methylobacter">
							<count><val>2</val></count>
								<node name="Unclassified">
								<count><val>2</val></count>
								</node>
							</node>
						</node>
					</node>
					<node name="Methylonatronum">
					<count><val>1</val></count>
					</node>
					<node name="Enterobacteriales">
					<count><val>1</val></count>
						<node name="Enterobacteriaceae">
						<count><val>1</val></count>
							<node name="Sodalis">
							<count><val>1</val></count>
								<node name="Unclassified">
								<count><val>1</val></count>
								</node>
							</node>
						</node>
					</node>
					<node name="Solibium">
					<count><val>2</val></count>
					</node>
				</node>
				<node name="Betaproteobacteria">
				<count><val>3</val></count>
					<node name="Burkholderiales">
					<count><val>3</val></count>
						<node name="Burkholderiaceae">
						<count><val>2</val></count>
							<node name="Burkholderia">
							<count><val>2</val></count>
								<node name="Unclassified">
								<count><val>2</val></count>
								</node>
							</node>
						</node>
						<node name="Leptothrix">
						<count><val>1</val></count>
							<node name="Unclassified">
							<count><val>1</val></count>
							</node>
						</node>
					</node>
				</node>
				<node name="Alphaproteobacteria">
				<count><val>237</val></count>
					<node name="Rhizobiales">
					<count><val>69</val></count>
						<node name="Phyllobacteriaceae">
						<count><val>27</val></count>
							<node name="Hoeflea">
							<count><val>4</val></count>
							</node>
							<node name="Mesorhizobium">
							<count><val>17</val></count>
								<node name="Unclassified">
								<count><val>17</val></count>
								</node>
							</node>
							<node name="Phyllobacterium">
							<count><val>1</val></count>
								<node name="Unclassified">
								<count><val>1</val></count>
								</node>
							</node>
							<node name="Nitratireductor">
							<count><val>5</val></count>
								<node name="Unclassified">
								<count><val>5</val></count>
								</node>
							</node>
						</node>
						<node name="Xanthobacteraceae">
						<count><val>1</val></count>
							<node name="Azorhizobium">
							<count><val>1</val></count>
							</node>
						</node>
						<node name="Methylocystaceae">
						<count><val>13</val></count>
							<node name="Terasakiella">
							<count><val>11</val></count>
							</node>
							<node name="Methylocystis">
							<count><val>2</val></count>
								<node name="Unclassified">
								<count><val>2</val></count>
								</node>
							</node>
						</node>
						<node name="Rhizobiaceae">
						<count><val>6</val></count>
							<node name="group">
							<count><val>2</val></count>
								<node name="Rhizobium">
								<count><val>2</val></count>
									<node name="Unclassified">
									<count><val>2</val></count>
									</node>
								</node>
							</node>
							<node name="Liberibacter">
							<count><val>3</val></count>
							</node>
							<node name="Rhizobium">
							<count><val>1</val></count>
								<node name="Unclassified">
								<count><val>1</val></count>
								</node>
							</node>
						</node>
						<node name="Hyphomicrobiaceae">
						<count><val>7</val></count>
							<node name="Hyphomicrobium">
							<count><val>3</val></count>
								<node name="Unclassified">
								<count><val>3</val></count>
								</node>
							</node>
							<node name="Devosia">
							<count><val>4</val></count>
								<node name="Unclassified">
								<count><val>4</val></count>
								</node>
							</node>
						</node>
						<node name="Brucellaceae">
						<count><val>9</val></count>
							<node name="Ochrobactrum">
							<count><val>9</val></count>
								<node name="Unclassified">
								<count><val>9</val></count>
								</node>
							</node>
						</node>
						<node name="Bradyrhizobiaceae">
						<count><val>3</val></count>
							<node name="Bradyrhizobium">
							<count><val>3</val></count>
								<node name="Unclassified">
								<count><val>3</val></count>
								</node>
							</node>
						</node>
						<node name="Kaistia">
						<count><val>3</val></count>
						</node>
					</node>
					<node name="Rhodobacterales">
					<count><val>54</val></count>
						<node name="Rhodobacteraceae">
						<count><val>43</val></count>
							<node name="Unclassified">
							<count><val>11</val></count>
							</node>
							<node name="Roseovarius">
							<count><val>7</val></count>
								<node name="Unclassified">
								<count><val>7</val></count>
								</node>
							</node>
							<node name="Sulfitobacter">
							<count><val>2</val></count>
								<node name="Unclassified">
								<count><val>2</val></count>
								</node>
							</node>
							<node name="Roseobacter">
							<count><val>10</val></count>
								<node name="Unclassified">
								<count><val>10</val></count>
								</node>
							</node>
							<node name="Pseudovibrio">
							<count><val>5</val></count>
								<node name="Unclassified">
								<count><val>5</val></count>
								</node>
							</node>
							<node name="Labrenzia">
							<count><val>1</val></count>
							</node>
							<node name="Rhodobacter">
							<count><val>4</val></count>
								<node name="Unclassified">
								<count><val>4</val></count>
								</node>
							</node>
							<node name="Salipiger">
							<count><val>1</val></count>
							</node>
							<node name="Ahrensia">
							<count><val>2</val></count>
							</node>
						</node>
						<node name="Hyphomonadaceae">
						<count><val>11</val></count>
							<node name="Maricaulis">
							<count><val>4</val></count>
							</node>
							<node name="Hyphomonas">
							<count><val>5</val></count>
								<node name="Unclassified">
								<count><val>5</val></count>
								</node>
							</node>
							<node name="Oceanicaulis">
							<count><val>2</val></count>
								<node name="Unclassified">
								<count><val>2</val></count>
								</node>
							</node>
						</node>
					</node>
					<node name="Rhodospirillales">
					<count><val>65</val></count>
						<node name="Rhodospirillaceae">
						<count><val>65</val></count>
							<node name="Azospirillum">
							<count><val>19</val></count>
								<node name="Unclassified">
								<count><val>19</val></count>
								</node>
							</node>
							<node name="Thalassospira">
							<count><val>40</val></count>
								<node name="Unclassified">
								<count><val>40</val></count>
								</node>
							</node>
							<node name="Rhodospirillum">
							<count><val>2</val></count>
							</node>
							<node name="Rhodocista">
							<count><val>2</val></count>
								<node name="Unclassified">
								<count><val>2</val></count>
								</node>
							</node>
							<node name="Phaeospirillum">
							<count><val>2</val></count>
								<node name="Unclassified">
								<count><val>2</val></count>
								</node>
							</node>
						</node>
					</node>
					<node name="Rickettsiales">
					<count><val>9</val></count>
						<node name="Rickettsiaceae">
						<count><val>3</val></count>
							<node name="Rickettsieae">
							<count><val>3</val></count>
								<node name="Rickettsia">
								<count><val>3</val></count>
									<node name="group">
									<count><val>3</val></count>
										<node name="Unclassified">
										<count><val>3</val></count>
										</node>
									</node>
								</node>
							</node>
						</node>
						<node name="Anaplasmataceae">
						<count><val>6</val></count>
							<node name="Ehrlichia">
							<count><val>6</val></count>
								<node name="Unclassified">
								<count><val>6</val></count>
								</node>
							</node>
						</node>
					</node>
					<node name="Unclassified">
					<count><val>13</val></count>
					</node>
					<node name="Sphingomonadales">
					<count><val>19</val></count>
						<node name="Sphingomonadaceae">
						<count><val>14</val></count>
							<node name="Sphingomonas">
							<count><val>9</val></count>
								<node name="Unclassified">
								<count><val>9</val></count>
								</node>
							</node>
							<node name="Unclassified">
							<count><val>3</val></count>
							</node>
							<node name="Sphingosinicella">
							<count><val>2</val></count>
							</node>
						</node>
						<node name="Erythrobacteraceae">
						<count><val>5</val></count>
							<node name="Erythrobacter">
							<count><val>3</val></count>
								<node name="Unclassified">
								<count><val>3</val></count>
								</node>
							</node>
							<node name="Porphyrobacter">
							<count><val>2</val></count>
								<node name="Unclassified">
								<count><val>2</val></count>
								</node>
							</node>
						</node>
					</node>
					<node name="Caulobacterales">
					<count><val>4</val></count>
						<node name="Caulobacteraceae">
						<count><val>4</val></count>
							<node name="Caulobacter">
							<count><val>2</val></count>
								<node name="Unclassified">
								<count><val>2</val></count>
								</node>
							</node>
							<node name="Brevundimonas">
							<count><val>2</val></count>
								<node name="Unclassified">
								<count><val>2</val></count>
								</node>
							</node>
						</node>
					</node>
					<node name="Ronia">
					<count><val>4</val></count>
					</node>
				</node>
				<node name="Deltaproteobacteria">
				<count><val>60</val></count>
					<node name="Desulfuromonadales">
					<count><val>24</val></count>
						<node name="Geobacteraceae">
						<count><val>14</val></count>
							<node name="Geobacter">
							<count><val>14</val></count>
								<node name="Unclassified">
								<count><val>14</val></count>
								</node>
							</node>
						</node>
						<node name="Pelobacteraceae">
						<count><val>10</val></count>
							<node name="Pelobacter">
							<count><val>10</val></count>
								<node name="Unclassified">
								<count><val>10</val></count>
								</node>
							</node>
						</node>
					</node>
					<node name="Desulfobacterales">
					<count><val>4</val></count>
						<node name="Desulfobacteraceae">
						<count><val>2</val></count>
							<node name="Desulfotignum">
							<count><val>2</val></count>
							</node>
						</node>
						<node name="Desulfobulbaceae">
						<count><val>2</val></count>
							<node name="Desulfotalea">
							<count><val>2</val></count>
							</node>
						</node>
					</node>
					<node name="Bdellovibrionales">
					<count><val>19</val></count>
						<node name="Bdellovibrionaceae">
						<count><val>8</val></count>
							<node name="Bacteriovorax">
							<count><val>8</val></count>
							</node>
						</node>
						<node name="Bacteriovoracaceae">
						<count><val>11</val></count>
							<node name="Bacteriovorax">
							<count><val>11</val></count>
								<node name="Unclassified">
								<count><val>11</val></count>
								</node>
							</node>
						</node>
					</node>
					<node name="Unclassified">
					<count><val>8</val></count>
					</node>
					<node name="Myxococcales">
					<count><val>3</val></count>
						<node name="Sorangineae">
						<count><val>1</val></count>
							<node name="Polyangiaceae">
							<count><val>1</val></count>
								<node name="Polyangium">
								<count><val>1</val></count>
								</node>
							</node>
						</node>
						<node name="Enhygromyxa">
						<count><val>1</val></count>
							<node name="Unclassified">
							<count><val>1</val></count>
							</node>
						</node>
						<node name="Unclassified">
						<count><val>1</val></count>
						</node>
					</node>
					<node name="Syntrophobacterales">
					<count><val>1</val></count>
						<node name="Syntrophobacteraceae">
						<count><val>1</val></count>
							<node name="Desulfoglaeba">
							<count><val>1</val></count>
							</node>
						</node>
					</node>
					<node name="Desulfovibrionales">
					<count><val>1</val></count>
						<node name="Desulfovibrionaceae">
						<count><val>1</val></count>
							<node name="Desulfovibrio">
							<count><val>1</val></count>
								<node name="Unclassified">
								<count><val>1</val></count>
								</node>
							</node>
						</node>
					</node>
				</node>
				<node name="Unclassified">
				<count><val>4</val></count>
				</node>
			</node>
			<node name="Cyanobacteria">
			<count><val>5366</val></count>
				<node name="Oscillatoriales">
				<count><val>2857</val></count>
					<node name="Microcoleus">
					<count><val>285</val></count>
						<node name="Unclassified">
						<count><val>285</val></count>
						</node>
					</node>
					<node name="Geitlerinema">
					<count><val>2192</val></count>
						<node name="Unclassified">
						<count><val>2192</val></count>
						</node>
					</node>
					<node name="Leptolyngbya">
					<count><val>330</val></count>
						<node name="Unclassified">
						<count><val>330</val></count>
						</node>
					</node>
					<node name="Planktothrix">
					<count><val>45</val></count>
					</node>
					<node name="Limnothrix">
					<count><val>5</val></count>
						<node name="Unclassified">
						<count><val>5</val></count>
						</node>
					</node>
				</node>
				<node name="Chroococcales">
				<count><val>547</val></count>
					<node name="Radiocystis">
					<count><val>133</val></count>
					</node>
					<node name="Synechococcus">
					<count><val>346</val></count>
						<node name="Unclassified">
						<count><val>346</val></count>
						</node>
					</node>
					<node name="Cyanobium">
					<count><val>39</val></count>
						<node name="Unclassified">
						<count><val>39</val></count>
						</node>
					</node>
					<node name="Gloeothece">
					<count><val>26</val></count>
					</node>
					<node name="Cyanothece">
					<count><val>3</val></count>
						<node name="Unclassified">
						<count><val>3</val></count>
						</node>
					</node>
				</node>
				<node name="Nostocales">
				<count><val>1815</val></count>
					<node name="Nostocaceae">
					<count><val>1815</val></count>
						<node name="Nodularia">
						<count><val>1268</val></count>
							<node name="Unclassified">
							<count><val>1268</val></count>
							</node>
						</node>
						<node name="Nostoc">
						<count><val>546</val></count>
							<node name="Unclassified">
							<count><val>546</val></count>
							</node>
						</node>
						<node name="Anabaena">
						<count><val>1</val></count>
							<node name="Unclassified">
							<count><val>1</val></count>
							</node>
						</node>
					</node>
				</node>
				<node name="Prochlorales">
				<count><val>22</val></count>
					<node name="Prochlorococcaceae">
					<count><val>22</val></count>
						<node name="Prochlorococcus">
						<count><val>22</val></count>
							<node name="Unclassified">
							<count><val>22</val></count>
							</node>
						</node>
					</node>
				</node>
				<node name="Unclassified">
				<count><val>125</val></count>
				</node>
			</node>
			<node name="Unclassified">
			<count><val>89</val></count>
			</node>
			<node name="Bacteroidetes">
			<count><val>465</val></count>
				<node name="Unclassified">
				<count><val>56</val></count>
				</node>
				<node name="Flavobacteria">
				<count><val>33</val></count>
					<node name="Unclassified">
					<count><val>4</val></count>
					</node>
					<node name="Flavobacteriales">
					<count><val>29</val></count>
						<node name="Flavobacteriaceae">
						<count><val>24</val></count>
							<node name="Galbibacter">
							<count><val>1</val></count>
							</node>
							<node name="Gilvibacter">
							<count><val>2</val></count>
							</node>
							<node name="Gelidibacter">
							<count><val>4</val></count>
								<node name="Unclassified">
								<count><val>4</val></count>
								</node>
							</node>
							<node name="Unclassified">
							<count><val>9</val></count>
							</node>
							<node name="Coccinistipes">
							<count><val>2</val></count>
							</node>
							<node name="Polaribacter">
							<count><val>1</val></count>
								<node name="Unclassified">
								<count><val>1</val></count>
								</node>
							</node>
							<node name="Gaetbulibacter">
							<count><val>1</val></count>
							</node>
							<node name="Chryseobacterium">
							<count><val>1</val></count>
								<node name="Unclassified">
								<count><val>1</val></count>
								</node>
							</node>
							<node name="Flavobacterium">
							<count><val>2</val></count>
								<node name="Unclassified">
								<count><val>2</val></count>
								</node>
							</node>
							<node name="Leptobacterium">
							<count><val>1</val></count>
							</node>
						</node>
						<node name="Cryomorphaceae">
						<count><val>3</val></count>
							<node name="Cryomorphaceae">
							<count><val>1</val></count>
							</node>
							<node name="Crocinitomix">
							<count><val>1</val></count>
							</node>
							<node name="Owenweeksia">
							<count><val>1</val></count>
								<node name="Unclassified">
								<count><val>1</val></count>
								</node>
							</node>
						</node>
						<node name="Unclassified">
						<count><val>2</val></count>
						</node>
					</node>
				</node>
				<node name="Sphingobacteria">
				<count><val>369</val></count>
					<node name="Sphingobacteriales">
					<count><val>366</val></count>
						<node name="Saprospiraceae">
						<count><val>153</val></count>
							<node name="Saprospira">
							<count><val>48</val></count>
							</node>
							<node name="Aureispira">
							<count><val>21</val></count>
							</node>
							<node name="Unclassified">
							<count><val>4</val></count>
							</node>
							<node name="Lewinella">
							<count><val>80</val></count>
								<node name="Unclassified">
								<count><val>80</val></count>
								</node>
							</node>
						</node>
						<node name="Flexibacteraceae">
						<count><val>193</val></count>
							<node name="Algoriphagus">
							<count><val>38</val></count>
								<node name="Unclassified">
								<count><val>38</val></count>
								</node>
							</node>
							<node name="Flexibacter">
							<count><val>111</val></count>
								<node name="Unclassified">
								<count><val>111</val></count>
								</node>
							</node>
							<node name="Roseivirga">
							<count><val>11</val></count>
							</node>
							<node name="Hongiella">
							<count><val>8</val></count>
								<node name="Unclassified">
								<count><val>8</val></count>
								</node>
							</node>
							<node name="Unclassified">
							<count><val>10</val></count>
							</node>
							<node name="Sporocytophaga">
							<count><val>5</val></count>
								<node name="Unclassified">
								<count><val>5</val></count>
								</node>
							</node>
							<node name="Dokdonia">
							<count><val>4</val></count>
							</node>
							<node name="Chinabacter">
							<count><val>2</val></count>
							</node>
							<node name="Cytophaga">
							<count><val>2</val></count>
								<node name="Unclassified">
								<count><val>2</val></count>
								</node>
							</node>
							<node name="Adhaeribacter">
							<count><val>1</val></count>
								<node name="Unclassified">
								<count><val>1</val></count>
								</node>
							</node>
							<node name="Arcicella">
							<count><val>1</val></count>
								<node name="Unclassified">
								<count><val>1</val></count>
								</node>
							</node>
						</node>
						<node name="Flammeovirgaceae">
						<count><val>14</val></count>
							<node name="Rapidithrix">
							<count><val>9</val></count>
							</node>
							<node name="Persicobacter">
							<count><val>5</val></count>
							</node>
						</node>
						<node name="sedis">
						<count><val>1</val></count>
							<node name="Balneola">
							<count><val>1</val></count>
							</node>
						</node>
						<node name="Chitinophagaceae">
						<count><val>1</val></count>
							<node name="Chitinophagaceae">
							<count><val>1</val></count>
							</node>
						</node>
						<node name="Sphingobacteriaceae">
						<count><val>4</val></count>
							<node name="Unclassified">
							<count><val>2</val></count>
							</node>
							<node name="Pedobacter">
							<count><val>2</val></count>
								<node name="Unclassified">
								<count><val>2</val></count>
								</node>
							</node>
						</node>
					</node>
					<node name="Unclassified">
					<count><val>3</val></count>
					</node>
				</node>
				<node name="Bacteroidales">
				<count><val>5</val></count>
					<node name="Rikenellaceae">
					<count><val>3</val></count>
						<node name="Alistipes">
						<count><val>1</val></count>
						</node>
						<node name="Rikenella">
						<count><val>1</val></count>
							<node name="Unclassified">
							<count><val>1</val></count>
							</node>
						</node>
						<node name="Ruminofilibacter">
						<count><val>1</val></count>
						</node>
					</node>
					<node name="Porphyromonadaceae">
					<count><val>2</val></count>
						<node name="Paludibacter">
						<count><val>1</val></count>
						</node>
						<node name="Tannerella">
						<count><val>1</val></count>
							<node name="Unclassified">
							<count><val>1</val></count>
							</node>
						</node>
					</node>
				</node>
				<node name="Bacteroidia">
				<count><val>2</val></count>
					<node name="Bacteroidales">
					<count><val>2</val></count>
						<node name="Porphyromonadaceae">
						<count><val>2</val></count>
							<node name="Porphyromonadaceae">
							<count><val>2</val></count>
							</node>
						</node>
					</node>
				</node>
			</node>
			<node name="Firmicutes">
			<count><val>19</val></count>
				<node name="Clostridia">
				<count><val>16</val></count>
					<node name="Clostridiales">
					<count><val>15</val></count>
						<node name="Acidaminococcaceae">
						<count><val>2</val></count>
							<node name="Thermosinus">
							<count><val>1</val></count>
							</node>
							<node name="Sporomusa">
							<count><val>1</val></count>
								<node name="Unclassified">
								<count><val>1</val></count>
								</node>
							</node>
						</node>
						<node name="Natronoanaerobium">
						<count><val>2</val></count>
							<node name="Unclassified">
							<count><val>2</val></count>
							</node>
						</node>
						<node name="Peptostreptococcaceae">
						<count><val>1</val></count>
							<node name="Peptostreptococcus">
							<count><val>1</val></count>
								<node name="Unclassified">
								<count><val>1</val></count>
								</node>
							</node>
						</node>
						<node name="Peptococcaceae">
						<count><val>8</val></count>
							<node name="Carboxydothermus">
							<count><val>6</val></count>
							</node>
							<node name="Desulfotomaculum">
							<count><val>1</val></count>
								<node name="Unclassified">
								<count><val>1</val></count>
								</node>
							</node>
							<node name="Unclassified">
							<count><val>1</val></count>
							</node>
						</node>
						<node name="Clostridiaceae">
						<count><val>1</val></count>
							<node name="Clostridium">
							<count><val>1</val></count>
								<node name="Unclassified">
								<count><val>1</val></count>
								</node>
							</node>
						</node>
						<node name="Syntrophomonadaceae">
						<count><val>1</val></count>
							<node name="Caldicellulosiruptor">
							<count><val>1</val></count>
							</node>
						</node>
					</node>
					<node name="Thermoanaerobacterales">
					<count><val>1</val></count>
						<node name="Thermoanaerobacteraceae">
						<count><val>1</val></count>
							<node name="Thermoanaerobacter">
							<count><val>1</val></count>
								<node name="Unclassified">
								<count><val>1</val></count>
								</node>
							</node>
						</node>
					</node>
				</node>
				<node name="Bacillales">
				<count><val>3</val></count>
					<node name="Bacillaceae">
					<count><val>3</val></count>
						<node name="Bacillus">
						<count><val>3</val></count>
							<node name="Unclassified">
							<count><val>3</val></count>
							</node>
						</node>
					</node>
				</node>
			</node>
			<node name="Planctomycetes">
			<count><val>20</val></count>
				<node name="Planctomycetacia">
				<count><val>20</val></count>
					<node name="Planctomycetales">
					<count><val>20</val></count>
						<node name="Planctomycetaceae">
						<count><val>13</val></count>
							<node name="Pirellula">
							<count><val>3</val></count>
								<node name="Unclassified">
								<count><val>3</val></count>
								</node>
							</node>
							<node name="Unclassified">
							<count><val>7</val></count>
							</node>
							<node name="Rhodopirellula">
							<count><val>3</val></count>
							</node>
						</node>
						<node name="Brocadia">
						<count><val>2</val></count>
						</node>
						<node name="Unclassified">
						<count><val>1</val></count>
						</node>
						<node name="Anammoxoglobus">
						<count><val>4</val></count>
						</node>
					</node>
				</node>
			</node>
			<node name="Thermodesulfobacteria">
			<count><val>6</val></count>
				<node name="Thermodesulfobacteriales">
				<count><val>6</val></count>
					<node name="Thermodesulfobacteriaceae">
					<count><val>6</val></count>
						<node name="Thermodesulfatator">
						<count><val>6</val></count>
						</node>
					</node>
				</node>
			</node>
			<node name="Acidobacteria">
			<count><val>13</val></count>
				<node name="Holophagae">
				<count><val>3</val></count>
					<node name="Acanthopleuribacterales">
					<count><val>3</val></count>
						<node name="Acanthopleuribacteraceae">
						<count><val>3</val></count>
							<node name="Acanthopleuribacter">
							<count><val>3</val></count>
							</node>
						</node>
					</node>
				</node>
				<node name="Solibacteres">
				<count><val>2</val></count>
					<node name="Solibacterales">
					<count><val>2</val></count>
						<node name="Solibacteraceae">
						<count><val>2</val></count>
							<node name="Solibacter">
							<count><val>2</val></count>
							</node>
						</node>
					</node>
				</node>
				<node name="Unclassified">
				<count><val>3</val></count>
				</node>
				<node name="Acidobacteriales">
				<count><val>5</val></count>
					<node name="Acidobacteriaceae">
					<count><val>5</val></count>
						<node name="Holophaga">
						<count><val>1</val></count>
							<node name="Unclassified">
							<count><val>1</val></count>
							</node>
						</node>
						<node name="Geothrix">
						<count><val>1</val></count>
							<node name="Unclassified">
							<count><val>1</val></count>
							</node>
						</node>
						<node name="Unclassified">
						<count><val>3</val></count>
						</node>
					</node>
				</node>
			</node>
			<node name="Verrucomicrobia">
			<count><val>7</val></count>
				<node name="Verrucomicrobia">
				<count><val>2</val></count>
					<node name="Unclassified">
					<count><val>2</val></count>
					</node>
				</node>
				<node name="Verrucomicrobiae">
				<count><val>3</val></count>
					<node name="Verrucomicrobiales">
					<count><val>3</val></count>
						<node name="Opitutaceae">
						<count><val>2</val></count>
							<node name="Opitutus">
							<count><val>2</val></count>
							</node>
						</node>
						<node name="Verrucomicrobiaceae">
						<count><val>1</val></count>
							<node name="Verrucomicrobiaceae">
							<count><val>1</val></count>
							</node>
						</node>
					</node>
				</node>
				<node name="Spartobacteria">
				<count><val>2</val></count>
					<node name="Unclassified">
					<count><val>2</val></count>
					</node>
				</node>
			</node>
			<node name="Actinobacteria">
			<count><val>24</val></count>
				<node name="Actinobacteridae">
				<count><val>24</val></count>
					<node name="Actinomycetales">
					<count><val>24</val></count>
						<node name="Micrococcineae">
						<count><val>23</val></count>
							<node name="Microbacteriaceae">
							<count><val>22</val></count>
								<node name="Frigoribacterium">
								<count><val>22</val></count>
									<node name="Unclassified">
									<count><val>22</val></count>
									</node>
								</node>
							</node>
							<node name="Micrococcaceae">
							<count><val>1</val></count>
								<node name="Arthrobacter">
								<count><val>1</val></count>
									<node name="Unclassified">
									<count><val>1</val></count>
									</node>
								</node>
							</node>
						</node>
						<node name="Frankineae">
						<count><val>1</val></count>
							<node name="Frankiaceae">
							<count><val>1</val></count>
								<node name="Frankia">
								<count><val>1</val></count>
									<node name="Unclassified">
									<count><val>1</val></count>
									</node>
								</node>
							</node>
						</node>
					</node>
				</node>
			</node>
			<node name="Spirochaetes">
			<count><val>1</val></count>
				<node name="Spirochaetales">
				<count><val>1</val></count>
					<node name="Spirochaetaceae">
					<count><val>1</val></count>
						<node name="Spirochaeta">
						<count><val>1</val></count>
							<node name="Unclassified">
							<count><val>1</val></count>
							</node>
						</node>
					</node>
				</node>
			</node>
			<node name="Chloroflexi">
			<count><val>3</val></count>
				<node name="Unclassified">
				<count><val>2</val></count>
				</node>
				<node name="Anaerolineae">
				<count><val>1</val></count>
					<node name="Anaerolinaeles">
					<count><val>1</val></count>
						<node name="Anaerolinaceae">
						<count><val>1</val></count>
							<node name="Caldilinea">
							<count><val>1</val></count>
							</node>
						</node>
					</node>
				</node>
			</node>
		</node>
		<node name="Eukaryota">
		<count><val>84</val></count>
			<node name="stramenopiles">
			<count><val>27</val></count>
				<node name="Bacillariophyta">
				<count><val>27</val></count>
					<node name="Coscinodiscophyceae">
					<count><val>24</val></count>
						<node name="Thalassiosirophycidae">
						<count><val>22</val></count>
							<node name="Thalassiosirales">
							<count><val>22</val></count>
								<node name="Thalassiosiraceae">
								<count><val>22</val></count>
									<node name="Thalassiosira">
									<count><val>22</val></count>
									</node>
								</node>
							</node>
						</node>
						<node name="Chaetocerotophycidae">
						<count><val>2</val></count>
							<node name="Chaetocerotales">
							<count><val>2</val></count>
								<node name="Chaetocerotaceae">
								<count><val>2</val></count>
									<node name="Chaetoceros">
									<count><val>2</val></count>
									</node>
								</node>
							</node>
						</node>
					</node>
					<node name="Fragilariophyceae">
					<count><val>1</val></count>
						<node name="Fragilariophycidae">
						<count><val>1</val></count>
							<node name="Rhaponeidales">
							<count><val>1</val></count>
								<node name="Rhaphoneidaceae">
								<count><val>1</val></count>
									<node name="Delphineis">
									<count><val>1</val></count>
									</node>
								</node>
							</node>
						</node>
					</node>
					<node name="Bacillariophyceae">
					<count><val>2</val></count>
						<node name="Bacillariophycidae">
						<count><val>2</val></count>
							<node name="Naviculales">
							<count><val>2</val></count>
								<node name="Phaeodactylaceae">
								<count><val>2</val></count>
									<node name="Phaeodactylum">
									<count><val>2</val></count>
									</node>
								</node>
							</node>
						</node>
					</node>
				</node>
			</node>
			<node name="Rhodophyta">
			<count><val>5</val></count>
				<node name="Florideophyceae">
				<count><val>5</val></count>
					<node name="Palmariales">
					<count><val>5</val></count>
						<node name="Palmariaceae">
						<count><val>5</val></count>
							<node name="Palmaria">
							<count><val>5</val></count>
							</node>
						</node>
					</node>
				</node>
			</node>
			<node name="Viridiplantae">
			<count><val>36</val></count>
				<node name="Streptophyta">
				<count><val>36</val></count>
					<node name="Embryophyta">
					<count><val>36</val></count>
						<node name="Tracheophyta">
						<count><val>36</val></count>
							<node name="Moniliformopses">
							<count><val>36</val></count>
								<node name="Filicophyta">
								<count><val>35</val></count>
									<node name="Marattiopsida">
									<count><val>35</val></count>
										<node name="Marattiales">
										<count><val>35</val></count>
											<node name="Marattiaceae">
											<count><val>35</val></count>
												<node name="Angiopteris">
												<count><val>35</val></count>
												</node>
											</node>
										</node>
									</node>
								</node>
								<node name="Equisetophyta">
								<count><val>1</val></count>
									<node name="Sphenopsida">
									<count><val>1</val></count>
										<node name="Equisetales">
										<count><val>1</val></count>
											<node name="Equisetaceae">
											<count><val>1</val></count>
												<node name="Equisetum">
												<count><val>1</val></count>
												</node>
											</node>
										</node>
									</node>
								</node>
							</node>
						</node>
					</node>
				</node>
			</node>
			<node name="Haptophyceae">
			<count><val>13</val></count>
				<node name="Prymnesiales">
				<count><val>13</val></count>
					<node name="Chrysochromulina">
					<count><val>13</val></count>
					</node>
				</node>
			</node>
			<node name="Cryptophyta">
			<count><val>2</val></count>
				<node name="Cryptomonadaceae">
				<count><val>2</val></count>
					<node name="Pyrenomonas">
					<count><val>2</val></count>
					</node>
				</node>
			</node>
			<node name="Metazoa">
			<count><val>1</val></count>
				<node name="Mollusca">
				<count><val>1</val></count>
					<node name="Bivalvia">
					<count><val>1</val></count>
						<node name="Heteroconchia">
						<count><val>1</val></count>
							<node name="Veneroida">
							<count><val>1</val></count>
								<node name="Glossoidea">
								<count><val>1</val></count>
									<node name="Vesicomyidae">
									<count><val>1</val></count>
										<node name="Calyptogena">
										<count><val>1</val></count>
										</node>
									</node>
								</node>
							</node>
						</node>
					</node>
				</node>
			</node>
		</node>
		<node name="sequences">
		<count><val>23</val></count>
			<node name="sequences">
			<count><val>23</val></count>
				<node name="vectors">
				<count><val>23</val></count>
				</node>
			</node>
		</node>
	</node>
</metasee>
